Date,Open,High,Low,Close,Volume,Open Interest
2018-01-01T00:00:00+0530,25565.75,25588,25271.55,25318.1,0,0
2018-01-02T00:00:00+0530,25382.2,25425.5,25232.8,25338.25,0,0
2018-01-03T00:00:00+0530,25425.75,25454.9,25300.9,25318.6,0,0
2018-01-04T00:00:00+0530,25367.65,25490.35,25310.3,25462.6,0,0
2018-01-05T00:00:00+0530,25524.45,25643.35,25499.55,25601.85,0,0
2018-01-08T00:00:00+0530,25690.25,25771.5,25643.8,25676.1,0,0
2018-01-09T00:00:00+0530,25727.95,25803.8,25617.25,25703.8,0,0
2018-01-10T00:00:00+0530,25709.9,25717.6,25527.5,25617.3,0,0
2018-01-11T00:00:00+0530,25628.2,25694.65,25532.25,25660.9,0,0
2018-01-12T00:00:00+0530,25732.4,25775.15,25557.6,25749.05,0,0
2018-01-15T00:00:00+0530,25858.15,26091.8,25842.95,26069.2,0,0
2018-01-16T00:00:00+0530,26129.15,26136.4,25931.7,25974.9,0,0
2018-01-17T00:00:00+0530,25946.15,26335.85,25922.3,26289.1,0,0
2018-01-18T00:00:00+0530,26762.25,26887.65,26423.75,26537.4,0,0
2018-01-19T00:00:00+0530,26615.65,26957.85,26433.55,26909.5,0,0
2018-01-22T00:00:00+0530,26940.5,27074.9,26841.2,27041.2,0,0
2018-01-23T00:00:00+0530,27089.95,27422.05,27066.15,27390.6,0,0
2018-01-24T00:00:00+0530,27310.15,27479.25,27219.45,27398.55,0,0
2018-01-25T00:00:00+0530,27414.1,27522.85,27151.75,27445.65,0,0
2018-01-29T00:00:00+0530,27446.1,27652.05,27407.4,27498.45,0,0
2018-01-30T00:00:00+0530,27466.85,27470.25,27242.05,27269.05,0,0
2018-01-31T00:00:00+0530,27136.25,27455.75,27116.95,27379.45,0,0
2018-02-01T00:00:00+0530,27334.85,27613.5,27046.35,27220.7,0,0
2018-02-02T00:00:00+0530,27017.4,27017.55,26364.05,26451.15,0,0
2018-02-05T00:00:00+0530,25968.15,26215.1,25917.55,26098.75,0,0
2018-02-06T00:00:00+0530,25140.1,26140.6,25023.85,25811.3,0,0
2018-02-07T00:00:00+0530,26065.4,26078.4,25558.05,25670,0,0
2018-02-08T00:00:00+0530,25759.85,26126.4,25637.4,25920.65,0,0
2018-02-09T00:00:00+0530,25466.3,25598.3,25371,25463.65,0,0
2018-02-12T00:00:00+0530,25530.1,25757.85,25485.4,25701.6,0,0
2018-02-14T00:00:00+0530,25810.25,25810.25,25212.35,25341.25,0,0
2018-02-15T00:00:00+0530,25360.9,25615.15,25295.15,25424.35,0,0
2018-02-16T00:00:00+0530,25511.95,25601,25100.9,25163.9,0,0
2018-02-19T00:00:00+0530,25324.6,25326.05,24824.55,25058.55,0,0
2018-02-20T00:00:00+0530,25105.55,25158.1,24829,24874.4,0,0
2018-02-21T00:00:00+0530,24996.6,24999.7,24796.35,24936.7,0,0
2018-02-22T00:00:00+0530,24812.7,24987.05,24781.7,24955.2,0,0
2018-02-23T00:00:00+0530,25002.25,25345.15,24962.85,25302.5,0,0
2018-02-26T00:00:00+0530,25452,25722.15,25381.2,25687.9,0,0
2018-02-27T00:00:00+0530,25684.6,25723.55,25356.4,25383.6,0,0
2018-02-28T00:00:00+0530,25116.25,25192.95,24942,25107.4,0,0
2018-03-01T00:00:00+0530,25022.35,25226.05,24854.4,24902.55,0,0
2018-03-05T00:00:00+0530,24831.35,24873.05,24682,24818.7,0,0
2018-03-06T00:00:00+0530,24964.1,25040.25,24362.05,24448.45,0,0
2018-03-07T00:00:00+0530,24333.85,24373.4,24096.75,24134.1,0,0
2018-03-08T00:00:00+0530,24273.9,24534.5,24048.55,24477.65,0,0
2018-03-09T00:00:00+0530,24556.95,24564.75,24259.7,24296.45,0,0
2018-03-12T00:00:00+0530,24443.6,24716.05,24358.5,24664.2,0,0
2018-03-13T00:00:00+0530,24624.6,25009.65,24597.55,24738.65,0,0
2018-03-14T00:00:00+0530,24629.65,24894.3,24487,24851.65,0,0
2018-03-15T00:00:00+0530,24854.3,24939.85,24732,24791.85,0,0
2018-03-16T00:00:00+0530,24753.65,24785.35,24439.15,24489.55,0,0
2018-03-19T00:00:00+0530,24530.15,24588.05,24186.95,24245.1,0,0
2018-03-20T00:00:00+0530,24133.95,24355.65,24082.95,24168.2,0,0
2018-03-21T00:00:00+0530,24331.3,24459.75,24208.65,24255.6,0,0
2018-03-22T00:00:00+0530,24252.95,24314.4,24094.85,24141.5,0,0
2018-03-23T00:00:00+0530,23785.65,23796.3,23605.6,23670.4,0,0
2018-03-26T00:00:00+0530,23674.9,24290.65,23657.05,24244.35,0,0
2018-03-27T00:00:00+0530,24396.4,24496.95,24266.4,24434.15,0,0
2018-03-28T00:00:00+0530,24299.5,24361,24203.4,24263.35,0,0
2018-04-02T00:00:00+0530,24235.65,24373.4,24062.95,24328.5,0,0
2018-04-03T00:00:00+0530,24285.95,24538,24254.35,24510.6,0,0
2018-04-04T00:00:00+0530,24502.5,24666.3,24087.8,24129.5,0,0
2018-04-05T00:00:00+0530,24394.45,24824.9,24380.85,24759.8,0,0
2018-04-06T00:00:00+0530,24776.35,24933.6,24626.4,24873.15,0,0
2018-04-09T00:00:00+0530,24848.85,25152.85,24828,25093.8,0,0
2018-04-10T00:00:00+0530,25153.6,25279.9,25120.2,25226.8,0,0
2018-04-11T00:00:00+0530,25198.35,25207.05,24950.3,25098.25,0,0
2018-04-12T00:00:00+0530,25076.9,25244.8,24969.4,25195.1,0,0
2018-04-13T00:00:00+0530,25239.65,25411.3,25076.85,25200.6,0,0
2018-04-16T00:00:00+0530,25082.1,25348.55,25067.35,25320.85,0,0
2018-04-17T00:00:00+0530,25383.75,25402.55,25224,25334.45,0,0
2018-04-18T00:00:00+0530,25426.75,25426.75,25058.75,25102.3,0,0
2018-04-19T00:00:00+0530,25206.45,25207.3,25049.7,25126.15,0,0
2018-04-20T00:00:00+0530,25126.8,25126.8,24839.3,24943.85,0,0
2018-04-23T00:00:00+0530,25065.5,25084.15,24466.1,24960.65,0,0
2018-04-24T00:00:00+0530,24972.2,25123.45,24955,25042.1,0,0
2018-04-25T00:00:00+0530,24993.4,24993.4,24734.6,24814.4,0,0
2018-04-26T00:00:00+0530,24833.2,25064,24753.4,25010.9,0,0
2018-04-27T00:00:00+0530,25030.15,25441.5,25029.65,25394.6,0,0
2018-04-30T00:00:00+0530,25490.15,25617.5,25464.8,25531.6,0,0
2018-05-02T00:00:00+0530,25607.05,25716.75,25499.35,25568.3,0,0
2018-05-03T00:00:00+0530,25547.9,25653.45,25469.05,25605.25,0,0
2018-05-04T00:00:00+0530,25632.3,25680.4,25537.7,25645.4,0,0
2018-05-07T00:00:00+0530,25676.25,25913.5,25675.15,25852.05,0,0
2018-05-08T00:00:00+0530,26074.15,26116.25,25954.6,26090.5,0,0
2018-05-09T00:00:00+0530,25988.1,26206.5,25946.3,26154.45,0,0
2018-05-10T00:00:00+0530,26216.1,26266.4,26057.2,26131,0,0
2018-05-11T00:00:00+0530,26173.7,26437.25,26099.85,26413.15,0,0
2018-05-14T00:00:00+0530,26404.45,26565.4,26338.05,26475.15,0,0
2018-05-15T00:00:00+0530,26494.9,26972.05,26407.3,26474,0,0
2018-05-16T00:00:00+0530,26269.35,26428.35,26102.15,26182.15,0,0
2018-05-17T00:00:00+0530,26233.2,26283.55,26012,26073.8,0,0
2018-05-18T00:00:00+0530,26025.6,26032,25839,25875.6,0,0
2018-05-21T00:00:00+0530,26017.5,26066.75,25685.35,25750.8,0,0
2018-05-22T00:00:00+0530,25780.25,25945.65,25701.35,25777.7,0,0
2018-05-23T00:00:00+0530,25726.95,25903.9,25622.15,25684.95,0,0
2018-05-24T00:00:00+0530,25722.9,26073.1,25658.4,26016.8,0,0
2018-05-25T00:00:00+0530,26066.75,26325.55,26031.45,26273.55,0,0
2018-05-28T00:00:00+0530,26291.65,26713.65,26273.9,26614.25,0,0
2018-05-29T00:00:00+0530,26567.25,26570.95,26221.1,26254.8,0,0
2018-05-30T00:00:00+0530,26039.9,26405.45,25980.85,26327.8,0,0
2018-05-31T00:00:00+0530,26587,27164.55,26354.55,26956.2,0,0
2018-06-01T00:00:00+0530,26913.4,26996.8,26658.55,26692.8,0,0
2018-06-04T00:00:00+0530,27023.7,27047.55,26205.9,26257.55,0,0
2018-06-05T00:00:00+0530,26263,26342.4,26069.55,26251,0,0
2018-06-06T00:00:00+0530,26266.9,26425.2,26147.8,26367.6,0,0
2018-06-07T00:00:00+0530,26577.95,26766.95,26483.9,26517.8,0,0
2018-06-08T00:00:00+0530,26457.25,26481,26284.2,26451.35,0,0
2018-06-11T00:00:00+0530,26473.2,26653,26421.95,26453.55,0,0
2018-06-12T00:00:00+0530,26566.6,26656.45,26449.85,26607.1,0,0
2018-06-13T00:00:00+0530,26721.95,26765.45,26598.2,26642.8,0,0
2018-06-14T00:00:00+0530,26612.3,26623.25,26503.1,26562.25,0,0
2018-06-15T00:00:00+0530,26513.7,26586.4,26344.95,26417.4,0,0
2018-06-18T00:00:00+0530,26444.3,26477.5,26322.45,26409.3,0,0
2018-06-19T00:00:00+0530,26448.1,26448.1,26224.75,26265.75,0,0
2018-06-20T00:00:00+0530,26320.45,26574.75,26309.95,26557.7,0,0
2018-06-21T00:00:00+0530,26645.3,26682.95,26454.95,26496.95,0,0
2018-06-22T00:00:00+0530,26518.4,26806.55,26364.25,26766.85,0,0
2018-06-25T00:00:00+0530,26718.15,26804.9,26573,26609.7,0,0
2018-06-26T00:00:00+0530,26495.65,26712.6,26479.65,26601.7,0,0
2018-06-27T00:00:00+0530,26616.3,26634.3,26336.5,26423.4,0,0
2018-06-28T00:00:00+0530,26398.1,26487.85,26161,26324.6,0,0
2018-06-29T00:00:00+0530,26312.7,26465,26291.35,26364.2,0,0
2018-07-02T00:00:00+0530,26364.45,26371.6,26060.6,26230.3,0,0
2018-07-03T00:00:00+0530,26210.1,26316.1,26142,26204.1,0,0
2018-07-04T00:00:00+0530,26249.25,26480.5,26132.9,26433.95,0,0
2018-07-05T00:00:00+0530,26481.55,26598.45,26415.2,26503.3,0,0
2018-07-06T00:00:00+0530,26427.55,26609.85,26410,26493.85,0,0
2018-07-09T00:00:00+0530,26642.35,26781.2,26611.55,26753.3,0,0
2018-07-10T00:00:00+0530,26844.55,26939.55,26778.5,26894.55,0,0
2018-07-11T00:00:00+0530,26900.65,26938.85,26774.6,26816.2,0,0
2018-07-12T00:00:00+0530,26937.5,27164.8,26936.05,27026.55,0,0
2018-07-13T00:00:00+0530,27046.85,27102.35,26902.3,26935.95,0,0
2018-07-16T00:00:00+0530,26914.5,26939.05,26643.95,26679.8,0,0
2018-07-17T00:00:00+0530,26662.85,27041.35,26653.65,27008.1,0,0
2018-07-18T00:00:00+0530,27107.35,27187.15,26834.45,26880.9,0,0
2018-07-19T00:00:00+0530,26960.2,27025.45,26730.1,26789.65,0,0
2018-07-20T00:00:00+0530,26764.4,26946.55,26718.6,26873.2,0,0
2018-07-23T00:00:00+0530,26701.3,27040.1,26671.35,27008.15,0,0
2018-07-24T00:00:00+0530,26984.15,27128,26868.15,26974.4,0,0
2018-07-25T00:00:00+0530,26992.55,27074,26939.35,27031.3,0,0
2018-07-26T00:00:00+0530,27054.7,27455.1,27045.05,27406.4,0,0
2018-07-27T00:00:00+0530,27497.8,27661.05,27455,27634.4,0,0
2018-07-30T00:00:00+0530,27767.65,27873.7,27607.95,27842.6,0,0
2018-07-31T00:00:00+0530,27797.2,27839.2,27651.3,27764.15,0,0
2018-08-01T00:00:00+0530,27684.8,27820.15,27477.9,27596.6,0,0
2018-08-02T00:00:00+0530,27469.5,27487.9,27327.95,27355.95,0,0
2018-08-03T00:00:00+0530,27471.95,27723,27448.15,27695.5,0,0
2018-08-06T00:00:00+0530,27769.55,27994,27766.05,27898.5,0,0
2018-08-07T00:00:00+0530,27972.95,27988.2,27827.3,27875.9,0,0
2018-08-08T00:00:00+0530,27930.55,28128.65,27858.75,28062.45,0,0
2018-08-09T00:00:00+0530,28173.65,28363.4,28132,28320,0,0
2018-08-10T00:00:00+0530,28348.95,28377.9,28087.65,28124.25,0,0
2018-08-13T00:00:00+0530,27760.8,27911.85,27739.5,27794.4,0,0
2018-08-14T00:00:00+0530,27864.4,28053.05,27854.9,28021.7,0,0
2018-08-16T00:00:00+0530,27836.15,28013.1,27779.5,27826.55,0,0
2018-08-17T00:00:00+0530,27991.75,28178.15,27953.8,28128.55,0,0
2018-08-20T00:00:00+0530,28171.65,28322.3,28171.65,28274.25,0,0
2018-08-21T00:00:00+0530,28295.85,28305.95,28151.9,28257.9,0,0
2018-08-23T00:00:00+0530,28321.95,28325.45,27965.35,28027.9,0,0
2018-08-24T00:00:00+0530,27954.25,28122.75,27782.8,27834.7,0,0
2018-08-27T00:00:00+0530,27971.25,28317.75,27958.2,28264.2,0,0
2018-08-28T00:00:00+0530,28379.9,28388.65,28152.7,28269.65,0,0
2018-08-29T00:00:00+0530,28233.4,28344.1,28167.8,28224.1,0,0
2018-08-30T00:00:00+0530,28233.7,28233.7,27961.75,28103.25,0,0
2018-08-31T00:00:00+0530,27998,28157.35,27940.95,28061.75,0,0
2018-09-03T00:00:00+0530,28199.45,28203.2,27777.4,27819.5,0,0
2018-09-04T00:00:00+0530,27845.55,27875.15,27385.85,27430.75,0,0
2018-09-05T00:00:00+0530,27409.3,27506.3,27136.05,27376.05,0,0
2018-09-06T00:00:00+0530,27464.25,27552.8,27246.25,27468.7,0,0
2018-09-07T00:00:00+0530,27439.25,27512.5,27232.8,27481.45,0,0
2018-09-10T00:00:00+0530,27395.2,27404.85,27142.55,27201.75,0,0
2018-09-11T00:00:00+0530,27295.2,27318.45,26772.25,26807.5,0,0
2018-09-12T00:00:00+0530,26895.15,26895.15,26555.15,26819.2,0,0
2018-09-14T00:00:00+0530,27059.85,27205.75,26989.8,27163.85,0,0
2018-09-17T00:00:00+0530,27002.6,27002.6,26743.4,26820.3,0,0
2018-09-18T00:00:00+0530,26757,26901.05,26407.45,26441.45,0,0
2018-09-19T00:00:00+0530,26532,26611.6,26235.7,26277.35,0,0
2018-09-21T00:00:00+0530,26331.05,26490.4,25053.35,25596.9,0,0
2018-09-24T00:00:00+0530,25645.05,25649.7,24904.5,24970.35,0,0
2018-09-25T00:00:00+0530,24947.7,25406.95,24678.25,25330.35,0,0
2018-09-26T00:00:00+0530,25525.1,25525.1,25197.35,25376.3,0,0
2018-09-27T00:00:00+0530,25442.1,25452.5,25007.05,25042.15,0,0
2018-09-28T00:00:00+0530,25135.8,25354.7,24919.25,25119.85,0,0
2018-10-01T00:00:00+0530,24943.9,25412.15,24707.65,25367,0,0
2018-10-03T00:00:00+0530,25290.55,25470.05,25026.35,25069.9,0,0
2018-10-04T00:00:00+0530,24735.15,24893.4,24501.05,24819.3,0,0
2018-10-05T00:00:00+0530,24741.65,25080.2,24250.65,24443.45,0,0
2018-10-08T00:00:00+0530,24470.75,24745.35,24240.05,24618.35,0,0
2018-10-09T00:00:00+0530,24703.65,24759.9,24464.9,24527.65,0,0
2018-10-10T00:00:00+0530,24596.6,25371.15,24559.9,25321.7,0,0
2018-10-11T00:00:00+0530,24541.75,24940.1,24493.7,24783.95,0,0
2018-10-12T00:00:00+0530,25001.95,25484.2,24975.45,25395.85,0,0
2018-10-15T00:00:00+0530,25444,25466.2,25147.8,25388.05,0,0
2018-10-16T00:00:00+0530,25414.2,25707.05,25351.8,25589.65,0,0
2018-10-17T00:00:00+0530,25839.1,25915.35,25101.95,25188.6,0,0
2018-10-19T00:00:00+0530,24966.5,25277.9,24922.65,25085.8,0,0
2018-10-22T00:00:00+0530,25484.25,25504.75,25021.35,25078.6,0,0
2018-10-23T00:00:00+0530,24786.9,25124.6,24784.9,24972.45,0,0
2018-10-24T00:00:00+0530,25312.7,25356.9,24839.65,25064.2,0,0
2018-10-25T00:00:00+0530,24841.5,24977.35,24696.85,24817.45,0,0
2018-10-26T00:00:00+0530,24771.85,24771.95,24353.1,24421.05,0,0
2018-10-29T00:00:00+0530,24647.95,25023.75,24404.55,24959.7,0,0
2018-10-30T00:00:00+0530,24924.75,25121.5,24686.85,24807.75,0,0
2018-10-31T00:00:00+0530,24823.8,25201.3,24528.35,25153.25,0,0
2018-11-01T00:00:00+0530,25285.2,25401.6,25129.45,25323.65,0,0
2018-11-02T00:00:00+0530,25545.35,25856.25,25499.15,25701.65,0,0
2018-11-05T00:00:00+0530,25731.55,25788.2,25534.4,25732.2,0,0
2018-11-06T00:00:00+0530,25747.4,25860.75,25558.35,25598,0,0
2018-11-07T00:00:00+0530,25818.1,25824.4,25698.1,25737.5,0,0
2018-11-09T00:00:00+0530,25742.55,25822.75,25598.75,25771,0,0
2018-11-12T00:00:00+0530,25816.15,25907.2,25495.1,25539.75,0,0
2018-11-13T00:00:00+0530,25422,25796.5,25384.55,25768.6,0,0
2018-11-14T00:00:00+0530,25952.4,26045.05,25806.7,25930.15,0,0
2018-11-15T00:00:00+0530,25946.2,26197.6,25728,26154.75,0,0
2018-11-16T00:00:00+0530,26205.35,26332.75,26122.55,26245.55,0,0
2018-11-19T00:00:00+0530,26364.6,26379.1,26204.35,26300.7,0,0
2018-11-20T00:00:00+0530,26211.5,26259.4,26041.8,26113.35,0,0
2018-11-21T00:00:00+0530,26105.45,26342.05,26060.55,26262.05,0,0
2018-11-22T00:00:00+0530,26233.65,26323.95,25947.85,25999.45,0,0
2018-11-26T00:00:00+0530,26096,26396.6,26025.05,26365.6,0,0
2018-11-27T00:00:00+0530,26286.1,26491.25,26268.65,26443.1,0,0
2018-11-28T00:00:00+0530,26489.65,26584.95,26419.65,26457.95,0,0
2018-11-29T00:00:00+0530,26641.6,27003.75,26577.15,26939.6,0,0
2018-11-30T00:00:00+0530,27009.3,27012.7,26764.9,26862.95,0,0
2018-12-03T00:00:00+0530,27032.9,27037.1,26791.65,26857.55,0,0
2018-12-04T00:00:00+0530,26809.5,26843.8,26644.75,26693.8,0,0
2018-12-05T00:00:00+0530,26572.1,26627.35,26443.65,26519.6,0,0
2018-12-06T00:00:00+0530,26339.1,26359.9,26149.45,26198.3,0,0
2018-12-07T00:00:00+0530,26307.4,26659.7,26252.1,26594.3,0,0
2018-12-10T00:00:00+0530,26073.65,26336.2,26072,26102.65,0,0
2018-12-11T00:00:00+0530,25602.25,26227.9,25598.95,26163.4,0,0
2018-12-12T00:00:00+0530,26286.25,26672.7,26214.75,26643.85,0,0
2018-12-13T00:00:00+0530,26844.15,26951.45,26723.65,26816.35,0,0
2018-12-14T00:00:00+0530,26810.85,26909,26732.7,26826,0,0
2018-12-17T00:00:00+0530,26915.45,27051.4,26908.6,27015.8,0,0
2018-12-18T00:00:00+0530,26917.3,27210.05,26840.8,27174.7,0,0
2018-12-19T00:00:00+0530,27229.05,27364.35,27214.3,27298.4,0,0
2018-12-20T00:00:00+0530,27128.65,27309.1,27084.5,27275.1,0,0
2018-12-21T00:00:00+0530,27261.25,27369.1,26823.1,26869.65,0,0
2018-12-24T00:00:00+0530,26877.05,26934.85,26676.95,26714.75,0,0
2018-12-26T00:00:00+0530,26634,27029.15,26408.15,26986.8,0,0
2018-12-27T00:00:00+0530,27200.65,27239.95,26845.1,26878.55,0,0
2018-12-28T00:00:00+0530,27048.4,27213.45,27039.6,27125.25,0,0
2018-12-31T00:00:00+0530,27267.8,27286.5,27105,27160.2,0,0
2019-01-01T00:00:00+0530,27231.4,27430.55,27019.05,27392.4,0,0
2019-01-02T00:00:00+0530,27297,27397.55,27077.6,27174.7,0,0
2019-01-03T00:00:00+0530,27181.6,27206.2,26923.75,26959.85,0,0
2019-01-04T00:00:00+0530,26999.7,27274.5,26926.1,27195,0,0
2019-01-07T00:00:00+0530,27378.65,27477.8,27279.55,27304.55,0,0
2019-01-08T00:00:00+0530,27301.9,27542.4,27161.95,27509.5,0,0
2019-01-09T00:00:00+0530,27651.25,27754.45,27409.5,27720.4,0,0
2019-01-10T00:00:00+0530,27713.55,27713.55,27488.2,27528.55,0,0
2019-01-11T00:00:00+0530,27602.8,27612.45,27382.45,27453.9,0,0
2019-01-14T00:00:00+0530,27389.2,27389.8,27182.2,27248.25,0,0
2019-01-15T00:00:00+0530,27317.55,27447.55,27317.1,27400.75,0,0
2019-01-16T00:00:00+0530,27405.65,27554.75,27403.05,27483.7,0,0
2019-01-17T00:00:00+0530,27568.6,27611.55,27335.15,27528.75,0,0
2019-01-18T00:00:00+0530,27550.05,27576.45,27410.65,27456.7,0,0
2019-01-21T00:00:00+0530,27514.55,27622.2,27388.5,27533.6,0,0
2019-01-22T00:00:00+0530,27526.55,27533.35,27385.4,27482.25,0,0
2019-01-23T00:00:00+0530,27493.1,27564.7,27189.6,27250.75,0,0
2019-01-24T00:00:00+0530,27273.5,27342.35,27142.8,27266.4,0,0
2019-01-25T00:00:00+0530,27261.45,27433.55,27045.2,27115.3,0,0
2019-01-28T00:00:00+0530,27041.45,27134.2,26587.95,26653.05,0,0
2019-01-29T00:00:00+0530,26616.25,26743.85,26441.55,26573.4,0,0
2019-01-30T00:00:00+0530,26789.75,26916.25,26693.7,26825.5,0,0
2019-01-31T00:00:00+0530,26969.15,27325.05,26891.05,27295.45,0,0
2019-02-01T00:00:00+0530,27334.55,27533.05,26930.45,27085.95,0,0
2019-02-04T00:00:00+0530,26974,27243.8,26825.55,27186.6,0,0
2019-02-05T00:00:00+0530,27226.05,27348.25,27153.2,27271.7,0,0
2019-02-06T00:00:00+0530,27326.2,27428.65,27294.1,27402.35,0,0
2019-02-07T00:00:00+0530,27424.1,27589.75,27322.95,27387.15,0,0
2019-02-08T00:00:00+0530,27302.65,27482.1,27221.25,27294.4,0,0
2019-02-11T00:00:00+0530,27240.5,27305.9,27151.55,27227.8,0,0
2019-02-12T00:00:00+0530,27166.9,27286.65,26988.9,27010.75,0,0
2019-02-13T00:00:00+0530,27068.85,27108,26839.05,26885.4,0,0
2019-02-14T00:00:00+0530,26978,27030,26818.05,26970.6,0,0
2019-02-15T00:00:00+0530,27017.2,27029.95,26635.25,26794.25,0,0
2019-02-18T00:00:00+0530,26754.6,26829.95,26617.7,26654.25,0,0
2019-02-19T00:00:00+0530,26666.55,26996.45,26625.6,26684.85,0,0
2019-02-20T00:00:00+0530,26786,26985.5,26732.65,26955.5,0,0
2019-02-21T00:00:00+0530,26994.75,27100.9,26973,27052.4,0,0
2019-02-22T00:00:00+0530,26960.05,26997.35,26847.8,26867.55,0,0
2019-02-25T00:00:00+0530,26934.2,27197.1,26932.65,27159.25,0,0
2019-02-26T00:00:00+0530,26853.8,27127.25,26736.6,26952.95,0,0
2019-02-27T00:00:00+0530,27078.1,27189.45,26719.4,26799.3,0,0
2019-02-28T00:00:00+0530,26878,26920.5,26762.55,26789.9,0,0
2019-03-01T00:00:00+0530,26941,27076.55,26928.9,27043.9,0,0
2019-03-05T00:00:00+0530,27068.15,27580.75,26958.1,27554.05,0,0
2019-03-06T00:00:00+0530,27618.1,27681.65,27492.05,27625.65,0,0
2019-03-07T00:00:00+0530,27661,27815.5,27560,27764.6,0,0
2019-03-08T00:00:00+0530,27686.15,27811.35,27645.4,27761.8,0,0
2019-03-11T00:00:00+0530,27840.1,28035.6,27791.25,27966.65,0,0
2019-03-12T00:00:00+0530,28168.2,28488.1,28142.25,28443.7,0,0
2019-03-13T00:00:00+0530,28480.3,28927.7,28353.65,28884.3,0,0
2019-03-14T00:00:00+0530,29028.9,29070.35,28819.75,28923.1,0,0
2019-03-15T00:00:00+0530,29007,29520.7,28990.85,29381.45,0,0
2019-03-18T00:00:00+0530,29521.6,29812,29361.65,29596.1,0,0
2019-03-19T00:00:00+0530,29702.6,29799.75,29547.7,29767.85,0,0
2019-03-20T00:00:00+0530,29769.65,29885.2,29633.5,29832.2,0,0
2019-03-22T00:00:00+0530,29920.75,30008.1,29508.7,29582.5,0,0
2019-03-25T00:00:00+0530,29329.4,29329.4,29156.25,29281.2,0,0
2019-03-26T00:00:00+0530,29300.4,29950.15,29278.5,29882.15,0,0
2019-03-27T00:00:00+0530,30034.15,30262.55,29790.25,30019.8,0,0
2019-03-28T00:00:00+0530,30064.8,30496.05,29969.1,30420.55,0,0
2019-03-29T00:00:00+0530,30480.35,30499.15,30235.9,30426.8,0,0
2019-04-01T00:00:00+0530,30537.6,30648.1,30218.35,30326.5,0,0
2019-04-02T00:00:00+0530,30450.1,30452.9,30155.85,30354.25,0,0
2019-04-03T00:00:00+0530,30440.85,30602.55,30036.25,30093.3,0,0
2019-04-04T00:00:00+0530,30147.3,30245.7,29809.9,29904.9,0,0
2019-04-05T00:00:00+0530,30002.85,30174,29850,30084.65,0,0
2019-04-08T00:00:00+0530,30201.5,30232.05,29716.6,29845.3,0,0
2019-04-09T00:00:00+0530,29901.5,30165.05,29703.55,30113.85,0,0
2019-04-10T00:00:00+0530,29916.6,30155.75,29768.1,29803.5,0,0
2019-04-11T00:00:00+0530,29841.85,29852.25,29640.25,29786.1,0,0
2019-04-12T00:00:00+0530,29780.55,30000.95,29707,29938.55,0,0
2019-04-15T00:00:00+0530,29983.5,30163.1,29919.1,30104.25,0,0
2019-04-16T00:00:00+0530,30236.25,30590.95,30228.2,30531.35,0,0
2019-04-18T00:00:00+0530,30656.5,30669.8,30142.2,30223.4,0,0
2019-04-22T00:00:00+0530,30282.5,30289.9,29647.55,29687.95,0,0
2019-04-23T00:00:00+0530,29761.95,29906.5,29455.45,29479.7,0,0
2019-04-24T00:00:00+0530,29550.5,29914.85,29435.05,29860.8,0,0
2019-04-25T00:00:00+0530,29927.05,30057.7,29511.95,29561.35,0,0
2019-04-26T00:00:00+0530,29764.85,30048.2,29563.15,30013.5,0,0
2019-04-30T00:00:00+0530,29920.4,29920.4,29550.05,29764.8,0,0
2019-05-02T00:00:00+0530,29699.8,29919.35,29638.8,29708.6,0,0
2019-05-03T00:00:00+0530,29811.65,30121.75,29795.1,29954.15,0,0
2019-05-06T00:00:00+0530,29626.5,29757.4,29528.6,29618.45,0,0
2019-05-07T00:00:00+0530,29749.55,29835.5,29244.25,29288.2,0,0
2019-05-08T00:00:00+0530,29261.3,29261.3,28951.35,28994.4,0,0
2019-05-09T00:00:00+0530,28893.95,29040.3,28784.65,28884.6,0,0
2019-05-10T00:00:00+0530,28927.6,29202.85,28900.1,29040.5,0,0
2019-05-13T00:00:00+0530,29026.65,29049.05,28621.1,28659.95,0,0
2019-05-14T00:00:00+0530,28718.75,29058.3,28582.6,28829.2,0,0
2019-05-15T00:00:00+0530,28925.45,28983.15,28555.15,28616.45,0,0
2019-05-16T00:00:00+0530,28625.9,28947.6,28525.45,28855.3,0,0
2019-05-17T00:00:00+0530,28881.4,29559.45,28856,29450.15,0,0
2019-05-20T00:00:00+0530,30230.4,30827.85,30111.2,30759.7,0,0
2019-05-21T00:00:00+0530,30862.1,30926.7,30265.1,30308.4,0,0
2019-05-22T00:00:00+0530,30410.65,30675.1,30268.6,30526.8,0,0
2019-05-23T00:00:00+0530,30962.8,31705,30292.35,30409.1,0,0
2019-05-24T00:00:00+0530,30685.5,31275.4,30564.4,31212.55,0,0
2019-05-27T00:00:00+0530,31234.9,31700.75,31142.5,31647.65,0,0
2019-05-28T00:00:00+0530,31711.3,31712.4,31328.6,31597.9,0,0
2019-05-29T00:00:00+0530,31459.25,31546.75,31257.9,31295.55,0,0
2019-05-30T00:00:00+0530,31256.85,31619.25,31236.1,31537.1,0,0
2019-05-31T00:00:00+0530,31678.9,31783.6,30623.05,31375.4,0,0
2019-06-03T00:00:00+0530,31406.05,31674.6,31284.7,31653.65,0,0
2019-06-04T00:00:00+0530,31532.9,31752.7,31512.95,31589.05,0,0
2019-06-06T00:00:00+0530,31523.95,31541.5,30800.8,30857.4,0,0
2019-06-07T00:00:00+0530,30943.15,31139.6,30627.05,31066.55,0,0
2019-06-10T00:00:00+0530,31259.2,31367.4,30861.3,31034,0,0
2019-06-11T00:00:00+0530,31172.25,31399.35,30973.35,31265.45,0,0
2019-06-12T00:00:00+0530,31219.3,31222.3,30911.45,30965.7,0,0
2019-06-13T00:00:00+0530,30876.75,31036.9,30638.25,30976.1,0,0
2019-06-14T00:00:00+0530,30983.45,31032.65,30508.95,30614.35,0,0
2019-06-17T00:00:00+0530,30652,30684.05,30249.4,30273.25,0,0
2019-06-18T00:00:00+0530,30299.45,30550.65,30222.85,30351,0,0
2019-06-19T00:00:00+0530,30526.5,30699.15,30242,30362.1,0,0
2019-06-20T00:00:00+0530,30390.2,30824.55,30220.7,30781.1,0,0
2019-06-21T00:00:00+0530,30804.95,30804.95,30541.5,30628.35,0,0
2019-06-24T00:00:00+0530,30680.95,30783.65,30528,30602.05,0,0
2019-06-25T00:00:00+0530,30567.65,30913.25,30451.4,30847.05,0,0
2019-06-26T00:00:00+0530,30809.2,31202.7,30766.65,31162.35,0,0
2019-06-27T00:00:00+0530,31192.1,31490.6,31158.8,31269.5,0,0
2019-06-28T00:00:00+0530,31281,31308.9,31060.6,31105.2,0,0
2019-07-01T00:00:00+0530,31271,31450.35,31246.45,31372.2,0,0
2019-07-02T00:00:00+0530,31414.65,31431.35,31105.1,31283.3,0,0
2019-07-03T00:00:00+0530,31347.7,31467.15,31238.5,31382.3,0,0
2019-07-04T00:00:00+0530,31471,31608.35,31428.05,31471.85,0,0
2019-07-05T00:00:00+0530,31523.05,31660.75,31323.25,31475.8,0,0
2019-07-08T00:00:00+0530,31346.85,31370.4,30536.75,30603.85,0,0
2019-07-09T00:00:00+0530,30533.4,30702.1,30346.7,30569.15,0,0
2019-07-10T00:00:00+0530,30618.05,30728.35,30428.6,30522.1,0,0
2019-07-11T00:00:00+0530,30707,30788.05,30565.35,30716.55,0,0
2019-07-12T00:00:00+0530,30789.75,30870.95,30548.3,30601.45,0,0
2019-07-15T00:00:00+0530,30688.85,30695.7,30334.2,30445.95,0,0
2019-07-16T00:00:00+0530,30532.65,30635,30429.9,30570.8,0,0
2019-07-17T00:00:00+0530,30622.25,30799.7,30568.3,30735.5,0,0
2019-07-18T00:00:00+0530,30705.8,30769.35,30378.6,30430.6,0,0
2019-07-19T00:00:00+0530,30515.1,30543.75,29705.75,29770.35,0,0
2019-07-22T00:00:00+0530,29617.05,29635.15,29194.1,29284.95,0,0
2019-07-23T00:00:00+0530,29342.45,29365.8,29078.15,29128.1,0,0
2019-07-24T00:00:00+0530,29085.45,29252.4,28871,28952.25,0,0
2019-07-25T00:00:00+0530,28981.05,29240.8,28931.05,29043.05,0,0
2019-07-26T00:00:00+0530,29062.5,29379.1,28994.5,29325.3,0,0
2019-07-29T00:00:00+0530,29583.45,29592.95,29104.85,29295.9,0,0
2019-07-30T00:00:00+0530,29434.85,29530.3,28737.8,28791.6,0,0
2019-07-31T00:00:00+0530,28575.45,28979.75,28529.75,28876,0,0
2019-08-01T00:00:00+0530,28660.5,28819.7,28047.35,28367.25,0,0
2019-08-02T00:00:00+0530,28224.25,28544.55,27936.35,28204.95,0,0
2019-08-05T00:00:00+0530,27841.2,27866.55,27389.5,27648.05,0,0
2019-08-06T00:00:00+0530,27518.5,28148.4,27503.9,28022.1,0,0
2019-08-07T00:00:00+0530,28053.85,28175.55,27641.85,27702.05,0,0
2019-08-08T00:00:00+0530,27840.1,28227.55,27531.05,28110.45,0,0
2019-08-09T00:00:00+0530,28293.65,28602.75,28251.75,28431.9,0,0
2019-08-13T00:00:00+0530,28356.8,28358.85,27683.5,27729.1,0,0
2019-08-14T00:00:00+0530,27885.5,28107.05,27726.65,28019.2,0,0
2019-08-16T00:00:00+0530,27920.3,28251.05,27720.95,28217,0,0
2019-08-19T00:00:00+0530,28331.25,28468.9,28146.5,28186.1,0,0
2019-08-20T00:00:00+0530,28163.55,28215.4,27839.65,27982.45,0,0
2019-08-21T00:00:00+0530,28021,28098.9,27666.2,27719.05,0,0
2019-08-22T00:00:00+0530,27690.05,27690.05,26975.55,27034.2,0,0
2019-08-23T00:00:00+0530,26835.35,27207.3,26560.6,26958.65,0,0
2019-08-26T00:00:00+0530,27663.95,27995.25,26859.35,27951.35,0,0
2019-08-27T00:00:00+0530,28106.3,28277.7,27960.8,28126.15,0,0
2019-08-28T00:00:00+0530,28080.25,28095.55,27634.65,27804.3,0,0
2019-08-29T00:00:00+0530,27694.95,27719.05,27239.95,27305.2,0,0
2019-08-30T00:00:00+0530,27407.9,27586.5,27121.95,27427.85,0,0
2019-09-03T00:00:00+0530,27239.2,27247.05,26742.6,26824.15,0,0
2019-09-04T00:00:00+0530,26785.95,27278.7,26641.35,27123.85,0,0
2019-09-05T00:00:00+0530,27086.95,27243.95,26815.4,26919.7,0,0
2019-09-06T00:00:00+0530,26986.5,27311.05,26950.55,27247.9,0,0
2019-09-09T00:00:00+0530,27240.35,27565.55,26993.9,27504.65,0,0
2019-09-11T00:00:00+0530,27639.05,27829.65,27551.65,27776.2,0,0
2019-09-12T00:00:00+0530,27870.8,28062.3,27764.7,27818.5,0,0
2019-09-13T00:00:00+0530,27772,28126.85,27573.45,28098.75,0,0
2019-09-16T00:00:00+0530,27868,28066.7,27798.85,27855,0,0
2019-09-17T00:00:00+0530,27765.1,27851.4,27047.95,27131.75,0,0
2019-09-18T00:00:00+0530,27304.7,27414.45,27088.8,27172.65,0,0
2019-09-19T00:00:00+0530,27175.45,27175.45,26643,26757.65,0,0
2019-09-20T00:00:00+0530,26878.65,29418.95,26727.55,28981.55,0,0
2019-09-23T00:00:00+0530,30039.4,30801.3,29776.3,30566.2,0,0
2019-09-24T00:00:00+0530,30432,30668.1,29889.55,30183.1,0,0
2019-09-25T00:00:00+0530,30029.05,30067.6,29470.1,29586.05,0,0
2019-09-26T00:00:00+0530,29640.55,30718.35,29627,30002.6,0,0
2019-09-27T00:00:00+0530,29974.95,30112.65,29711.35,29876.65,0,0
2019-09-30T00:00:00+0530,29674.8,29754.4,28943.45,29103.15,0,0
2019-10-01T00:00:00+0530,29226.15,29526.4,28077.35,28725.5,0,0
2019-10-03T00:00:00+0530,28606.7,28769.1,28240.8,28414.1,0,0
2019-10-04T00:00:00+0530,28681.9,28730.3,27653.7,27731.85,0,0
2019-10-07T00:00:00+0530,27909.9,28185.15,27568.35,27767.55,0,0
2019-10-09T00:00:00+0530,27901.65,28857.7,27702.05,28785.85,0,0
2019-10-10T00:00:00+0530,28542.95,28552.75,27914.15,28013.45,0,0
2019-10-11T00:00:00+0530,28245.55,28604.05,27736.8,28042.5,0,0
2019-10-14T00:00:00+0530,28238.5,28553.4,28043.25,28181.95,0,0
2019-10-15T00:00:00+0530,28257.85,28694.85,28186.25,28555.1,0,0
2019-10-16T00:00:00+0530,28689.45,28759.35,28305.4,28538.8,0,0
2019-10-17T00:00:00+0530,28596.35,29049.05,28487.95,28989.45,0,0
2019-10-18T00:00:00+0530,28954.8,29249.5,28864.1,29120.25,0,0
2019-10-22T00:00:00+0530,29416.25,29690,29231.2,29411.15,0,0
2019-10-23T00:00:00+0530,29478.85,29643.8,29214.05,29459.6,0,0
2019-10-24T00:00:00+0530,29604.35,29693.25,28994.2,29107.95,0,0
2019-10-25T00:00:00+0530,29228.65,29452.1,28923.8,29395.95,0,0
2019-10-27T00:00:00+0530,29605.4,29644.45,29446.8,29516.3,0,0
2019-10-29T00:00:00+0530,29527.6,29997.65,29385.45,29873.05,0,0
2019-10-30T00:00:00+0530,30005.7,30151.1,29753,29987.5,0,0
2019-10-31T00:00:00+0530,30168.65,30415.65,29987.15,30066.25,0,0
2019-11-01T00:00:00+0530,30196.15,30409,30028.9,30330.55,0,0
2019-11-04T00:00:00+0530,30415.9,30607.05,30227.25,30333.1,0,0
2019-11-05T00:00:00+0530,30403.25,30452.7,30091.35,30219.85,0,0
2019-11-06T00:00:00+0530,30225.2,30699,30013.65,30609.6,0,0
2019-11-07T00:00:00+0530,30722.6,30821.35,30462.55,30633.15,0,0
2019-11-08T00:00:00+0530,30571.3,31108.4,30504.05,30749.4,0,0
2019-11-11T00:00:00+0530,30664.65,31205.2,30625.8,31115.55,0,0
2019-11-13T00:00:00+0530,31084.75,31198.5,30488.1,30541.55,0,0
2019-11-14T00:00:00+0530,30615.8,30789.2,30338.35,30749.95,0,0
2019-11-15T00:00:00+0530,30912.4,31165.45,30860.7,31008.4,0,0
2019-11-18T00:00:00+0530,31036.8,31203.55,30901.85,30992.1,0,0
2019-11-19T00:00:00+0530,31045.15,31298.05,30974.3,31236.25,0,0
2019-11-20T00:00:00+0530,31292.35,31471.65,31205.55,31353.85,0,0
2019-11-21T00:00:00+0530,31413.25,31463.15,31243,31349.95,0,0
2019-11-22T00:00:00+0530,31389.6,31394.2,31055.2,31111.6,0,0
2019-11-25T00:00:00+0530,31065.1,31591.6,31049.75,31555.9,0,0
2019-11-26T00:00:00+0530,31692.85,31850.35,31465.85,31718.35,0,0
2019-11-27T00:00:00+0530,31832.75,31916.8,31734.5,31875.95,0,0
2019-11-28T00:00:00+0530,31981.7,32157.05,31905.9,32122.95,0,0
2019-11-29T00:00:00+0530,32074.15,32086.95,31770.8,31946.1,0,0
2019-12-02T00:00:00+0530,32008.3,32024.1,31720.6,31871.45,0,0
2019-12-03T00:00:00+0530,31920.1,31936.6,31502.95,31613.35,0,0
2019-12-04T00:00:00+0530,31549.3,32017.75,31444,31979.3,0,0
2019-12-05T00:00:00+0530,32083.8,32126.95,31628.3,31712.95,0,0
2019-12-06T00:00:00+0530,31797.15,31883.7,31250.65,31341.55,0,0
2019-12-09T00:00:00+0530,31321.4,31537.65,31122.05,31316.65,0,0
2019-12-10T00:00:00+0530,31386.4,31412.8,31126,31160.35,0,0
2019-12-11T00:00:00+0530,31151.65,31337.85,30996.4,31256.75,0,0
2019-12-12T00:00:00+0530,31356.8,31711.45,31352.1,31665.45,0,0
2019-12-13T00:00:00+0530,31775.55,32105.05,31770.5,32014.25,0,0
2019-12-16T00:00:00+0530,32159,32186.95,31897.75,31974.2,0,0
2019-12-17T00:00:00+0530,32082.4,32213.35,31987.35,32140.25,0,0
2019-12-18T00:00:00+0530,32292.25,32293.65,32017.3,32244.25,0,0
2019-12-19T00:00:00+0530,32281.65,32328.35,32085.05,32241.45,0,0
2019-12-20T00:00:00+0530,32266.85,32443.35,32199.45,32384.95,0,0
2019-12-23T00:00:00+0530,32381,32502.8,32196.85,32339.45,0,0
2019-12-24T00:00:00+0530,32337.8,32390.35,32246.05,32280.75,0,0
2019-12-26T00:00:00+0530,32276.15,32314.6,31963.25,31997.7,0,0
2019-12-27T00:00:00+0530,32142.5,32444.85,32056.25,32412.35,0,0
2019-12-30T00:00:00+0530,32486.6,32613.1,32248.5,32354.9,0,0
2019-12-31T00:00:00+0530,32345.95,32345.95,32108.75,32161.65,0,0
2020-01-01T00:00:00+0530,32237.9,32348,32057.2,32102.9,0,0
2020-01-02T00:00:00+0530,32133.15,32465.45,32121.4,32443.85,0,0
2020-01-03T00:00:00+0530,32326.95,32329.8,31960.4,32069.25,0,0
2020-01-06T00:00:00+0530,31910.45,31914.45,31170.55,31237.15,0,0
2020-01-07T00:00:00+0530,31598.05,31851.45,31200.9,31399.4,0,0
2020-01-08T00:00:00+0530,30995.5,31451.85,30899.55,31373.65,0,0
2020-01-09T00:00:00+0530,31748.25,32172.7,31667.15,32092.4,0,0
2020-01-10T00:00:00+0530,32215.7,32347.2,31953.4,32097.4,0,0
2020-01-13T00:00:00+0530,32139.1,32322.65,32074.05,32177.65,0,0
2020-01-14T00:00:00+0530,32196.45,32196.45,31989.2,32071.65,0,0
2020-01-15T00:00:00+0530,31994.75,32000.9,31670.35,31824.9,0,0
2020-01-16T00:00:00+0530,31810.55,31988.9,31692.4,31853.9,0,0
2020-01-17T00:00:00+0530,31571.65,31773.55,31445.5,31590.65,0,0
2020-01-20T00:00:00+0530,31923.95,31923.95,31050.95,31080.65,0,0
2020-01-21T00:00:00+0530,30978.85,31171.25,30858.6,30947.55,0,0
2020-01-22T00:00:00+0530,31061.6,31149.05,30614,30701.45,0,0
2020-01-23T00:00:00+0530,30742.2,31087.25,30621.35,31004.05,0,0
2020-01-24T00:00:00+0530,31040.1,31375.45,30879.05,31241.75,0,0
2020-01-27T00:00:00+0530,31110.55,31227.05,30808.55,30837.4,0,0
2020-01-28T00:00:00+0530,30922,31048.45,30656.35,30761.4,0,0
2020-01-29T00:00:00+0530,30915.1,31082.85,30835.8,30877,0,0
2020-01-30T00:00:00+0530,30889.25,30909.5,30521.3,30647.4,0,0
2020-01-31T00:00:00+0530,30950.5,31033.45,30691.8,30833.6,0,0
2020-02-01T00:00:00+0530,30726.2,30918.6,29753,29820.9,0,0
2020-02-03T00:00:00+0530,29811.75,30105.8,29612.55,30023.25,0,0
2020-02-04T00:00:00+0530,30235.3,30776.95,30182.45,30686.7,0,0
2020-02-05T00:00:00+0530,30761.95,31065.85,30630.85,31001.95,0,0
2020-02-06T00:00:00+0530,31070.75,31470.65,30917.25,31304.05,0,0
2020-02-07T00:00:00+0530,31367.05,31368.2,31111.05,31201.95,0,0
2020-02-10T00:00:00+0530,31248.65,31248.8,30957.2,31058.15,0,0
2020-02-11T00:00:00+0530,31230.2,31505.95,31225.9,31300.6,0,0
2020-02-12T00:00:00+0530,31441.15,31588.6,31398.15,31492.9,0,0
2020-02-13T00:00:00+0530,31586.55,31649.45,31180.6,31230.25,0,0
2020-02-14T00:00:00+0530,31281.85,31436.65,30776.1,30834.8,0,0
2020-02-17T00:00:00+0530,30873.85,30998.15,30630.5,30680.7,0,0
2020-02-18T00:00:00+0530,30661.5,30692.75,30252.45,30562.5,0,0
2020-02-19T00:00:00+0530,30905,30947.15,30606.15,30838.2,0,0
2020-02-20T00:00:00+0530,30862.3,31085.3,30702.45,30942.85,0,0
2020-02-24T00:00:00+0530,30666.35,30702.15,30428,30455.1,0,0
2020-02-25T00:00:00+0530,30517,30610.7,30329.95,30432.7,0,0
2020-02-26T00:00:00+0530,30279.95,30515.35,30131.75,30306.85,0,0
2020-02-27T00:00:00+0530,30270,30271.95,29914.15,30187,0,0
2020-02-28T00:00:00+0530,29501.55,29564.1,29051.5,29147.15,0,0
2020-03-02T00:00:00+0530,29701,29791.15,28571.7,28868.4,0,0
2020-03-03T00:00:00+0530,29012.55,29285.35,28749.55,29177.05,0,0
2020-03-04T00:00:00+0530,29252.95,29273.65,28125.15,28653.7,0,0
2020-03-05T00:00:00+0530,28830.3,29134.3,28535.6,28815.35,0,0
2020-03-06T00:00:00+0530,27649.95,28047.2,27162.3,27801.45,0,0
2020-03-09T00:00:00+0530,27031.45,27091.6,25923.4,26462.6,0,0
2020-03-11T00:00:00+0530,26272.75,26791.45,26234.1,26487.8,0,0
2020-03-12T00:00:00+0530,25175.9,25223.1,23536.35,23971.15,0,0
2020-03-13T00:00:00+0530,22720.75,25670.75,21351.7,25166.45,0,0
2020-03-16T00:00:00+0530,24061.6,24074.15,23008.25,23101.15,0,0
2020-03-17T00:00:00+0530,23348.05,23449.5,22002,22155.15,0,0
2020-03-18T00:00:00+0530,22411.85,22544.05,20267.95,20580.2,0,0
2020-03-19T00:00:00+0530,19428.95,21035.05,18675.65,20083.5,0,0
2020-03-20T00:00:00+0530,19898.3,20924.55,19265,20317.6,0,0
2020-03-23T00:00:00+0530,18311.3,18895.65,16791.05,16917.65,0,0
2020-03-24T00:00:00+0530,17705.85,17841.4,16116.25,17107.3,0,0
2020-03-25T00:00:00+0530,16759.95,18740.2,16635.5,18481.05,0,0
2020-03-26T00:00:00+0530,18781.85,20409.35,18364.5,19613.9,0,0
2020-03-27T00:00:00+0530,20801.6,21462.4,19580.1,19969,0,0
2020-03-30T00:00:00+0530,19254.45,19716.25,18668.7,18782.4,0,0
2020-03-31T00:00:00+0530,19307.65,19466.3,18792.4,19144,0,0
2020-04-01T00:00:00+0530,19122.4,19154.75,18042.25,18208.35,0,0
2020-04-03T00:00:00+0530,18325.05,18326.1,17143.2,17249.3,0,0
2020-04-07T00:00:00+0530,18454.55,19190.55,17953.75,19062.5,0,0
2020-04-08T00:00:00+0530,18799.4,20324.1,18482.9,18946.45,0,0
2020-04-09T00:00:00+0530,19553.15,19988.3,19166.9,19913.6,0,0
2020-04-13T00:00:00+0530,19854.9,19887.05,19294,19488,0,0
2020-04-15T00:00:00+0530,20096.35,20184.1,18776.75,19057.05,0,0
2020-04-16T00:00:00+0530,18957.15,19520.3,18703.45,19400,0,0
2020-04-17T00:00:00+0530,20394.75,20866.55,19729.3,20681.45,0,0
2020-04-20T00:00:00+0530,21104.7,21122.1,20444.25,20522.65,0,0
2020-04-21T00:00:00+0530,19812.05,19891.45,19247.95,19409.35,0,0
2020-04-22T00:00:00+0530,19306.95,19806.35,19051.95,19701.85,0,0
2020-04-23T00:00:00+0530,19871.35,20356.5,19584.4,20267.95,0,0
2020-04-24T00:00:00+0530,19697.65,19950.15,19515.4,19586.65,0,0
2020-04-27T00:00:00+0530,19870.8,20224.75,19847.65,20081.15,0,0
2020-04-28T00:00:00+0530,20436.6,20751.3,20260.8,20671.1,0,0
2020-04-29T00:00:00+0530,20440.4,21348.15,20393.65,21090.2,0,0
2020-04-30T00:00:00+0530,21589.2,21967,21353.65,21534.5,0,0
2020-05-04T00:00:00+0530,20514.75,20530.45,19643.6,19743.75,0,0
2020-05-05T00:00:00+0530,20147.3,20223.15,19212.35,19271.75,0,0
2020-05-06T00:00:00+0530,19302.45,19806.6,18941,19694.55,0,0
2020-05-07T00:00:00+0530,19536.05,19757.25,19332.15,19491.8,0,0
2020-05-08T00:00:00+0530,19844,19969.6,19285.05,19352.9,0,0
2020-05-11T00:00:00+0530,19610.45,19733.4,18900.9,18950.5,0,0
2020-05-12T00:00:00+0530,18751.4,18993.4,18287,18862.85,0,0
2020-05-13T00:00:00+0530,20017.75,20122.25,19429.9,19634.95,0,0
2020-05-14T00:00:00+0530,19197.7,19380.1,19024.75,19068.5,0,0
2020-05-15T00:00:00+0530,19098.8,19119.1,18683.65,18833.95,0,0
2020-05-18T00:00:00+0530,18795.1,18795.1,17514.2,17573.2,0,0
2020-05-19T00:00:00+0530,18037.15,18175.3,17390.65,17486.25,0,0
2020-05-20T00:00:00+0530,17486.5,18002.65,17407.7,17840.2,0,0
2020-05-21T00:00:00+0530,17901.95,18200.7,17658.55,17735.1,0,0
2020-05-22T00:00:00+0530,17554.25,17952.25,17105,17278.9,0,0
2020-05-26T00:00:00+0530,17537.65,17681.7,17311.25,17440.35,0,0
2020-05-27T00:00:00+0530,17603.4,18874.25,17560.35,18710.55,0,0
2020-05-28T00:00:00+0530,18924.45,19455.55,18818.95,19169.8,0,0
2020-05-29T00:00:00+0530,18962,19358.05,18729.9,19297.25,0,0
2020-06-01T00:00:00+0530,19728.9,20225.35,19632.9,19959.9,0,0
2020-06-02T00:00:00+0530,20120.6,20615.75,19852.55,20530.2,0,0
2020-06-03T00:00:00+0530,20966.6,21619.55,20822,20940.7,0,0
2020-06-04T00:00:00+0530,20932.35,21141.8,20316.2,20390.45,0,0
2020-06-05T00:00:00+0530,20516.4,21198.7,20425.05,21034.5,0,0
2020-06-08T00:00:00+0530,21636.1,21807.4,20911.25,21187.35,0,0
2020-06-09T00:00:00+0530,21295.5,21568.85,20629.7,20724.9,0,0
2020-06-10T00:00:00+0530,20760.95,21251.45,20671.55,21100.1,0,0
2020-06-11T00:00:00+0530,21084.7,21244.45,20458.3,20525.15,0,0
2020-06-12T00:00:00+0530,19529.3,20747.7,19526.1,20654.55,0,0
2020-06-15T00:00:00+0530,20457.15,20470.85,19740.2,19912.9,0,0
2020-06-16T00:00:00+0530,20500.65,20638.85,19507.05,20296.7,0,0
2020-06-17T00:00:00+0530,20137.45,20627.9,19978.15,20201.75,0,0
2020-06-18T00:00:00+0530,20137.6,21028.35,20030.35,20956.3,0,0
2020-06-19T00:00:00+0530,20970.1,21467.65,20878.25,21338.1,0,0
2020-06-22T00:00:00+0530,21491.55,22078.25,21425.55,21708.35,0,0
2020-06-23T00:00:00+0530,21859.25,22322.3,21647.8,22264.9,0,0
2020-06-24T00:00:00+0530,22479.35,22479.55,21336.35,21426.8,0,0
2020-06-25T00:00:00+0530,21218.05,21703.5,20926.45,21506.15,0,0
2020-06-26T00:00:00+0530,21735.05,21784.65,21320.1,21592.05,0,0
2020-06-29T00:00:00+0530,21291.55,21440.05,21026.45,21359,0,0
2020-06-30T00:00:00+0530,21524.3,21650.5,21212,21370.15,0,0
2020-07-01T00:00:00+0530,21354.1,22061.6,21281.85,21977.6,0,0
2020-07-02T00:00:00+0530,22133.8,22344.85,21890.5,21953.2,0,0
2020-07-03T00:00:00+0530,22101.75,22130.3,21768,21852.4,0,0
2020-07-06T00:00:00+0530,22270.95,22399.25,22171.05,22198.95,0,0
2020-07-07T00:00:00+0530,22254.3,22674.5,22040.35,22628,0,0
2020-07-08T00:00:00+0530,22700.9,23080.6,22499.5,22584.65,0,0
2020-07-09T00:00:00+0530,22753.15,22998.3,22673.4,22907.2,0,0
2020-07-10T00:00:00+0530,22720.95,22835.2,22320.05,22398.45,0,0
2020-07-13T00:00:00+0530,22613.25,22657.4,21981.65,22089.25,0,0
2020-07-14T00:00:00+0530,21877.6,21909.7,21222.45,21392.2,0,0
2020-07-15T00:00:00+0530,21634.25,21935.5,21230.55,21340.75,0,0
2020-07-16T00:00:00+0530,21453.25,21671.25,21027.85,21597.15,0,0
2020-07-17T00:00:00+0530,21608.05,22065,21550.8,21966.8,0,0
2020-07-20T00:00:00+0530,22307.3,22520.45,22187.8,22321.85,0,0
2020-07-21T00:00:00+0530,22639.85,22861.9,22597.95,22782,0,0
2020-07-22T00:00:00+0530,23159,23211.35,22658.2,22882.6,0,0
2020-07-23T00:00:00+0530,22854.85,23122.35,22734.9,23083.9,0,0
2020-07-24T00:00:00+0530,22853.2,22854.05,22417.2,22662.05,0,0
2020-07-27T00:00:00+0530,22664.6,22668.05,21801.35,21848.75,0,0
2020-07-28T00:00:00+0530,21940.15,22233,21611.4,22105.2,0,0
2020-07-29T00:00:00+0530,22075,22346.4,21906.35,22076.6,0,0
2020-07-30T00:00:00+0530,22195.05,22252.6,21580.15,21646.85,0,0
2020-07-31T00:00:00+0530,21730.55,21806.95,21375,21640.05,0,0
2020-08-03T00:00:00+0530,21543.8,21543.8,21031.45,21072.1,0,0
2020-08-04T00:00:00+0530,21248.25,21576.35,21057.75,21490.5,0,0
2020-08-05T00:00:00+0530,21686.85,21936.5,21448.4,21509.95,0,0
2020-08-06T00:00:00+0530,21644.25,21926.55,21370.3,21642.6,0,0
2020-08-07T00:00:00+0530,21620.25,21787.25,21451.3,21754,0,0
2020-08-10T00:00:00+0530,21824.9,22071.95,21795.1,21900.25,0,0
2020-08-11T00:00:00+0530,22050.2,22277.6,22039.85,22227.2,0,0
2020-08-12T00:00:00+0530,22135.95,22326.55,21990.2,22264,0,0
2020-08-13T00:00:00+0530,22395.2,22439.95,22139.6,22196.35,0,0
2020-08-14T00:00:00+0530,22334.95,22334.95,21459.1,21679.4,0,0
2020-08-17T00:00:00+0530,21906.95,21909.4,21403.15,21700.85,0,0
2020-08-18T00:00:00+0530,21702,22227.75,21629.4,22170.6,0,0
2020-08-19T00:00:00+0530,22315.4,22419.35,22234.25,22285.9,0,0
2020-08-20T00:00:00+0530,21989.9,22079.9,21886.7,21999.45,0,0
2020-08-21T00:00:00+0530,22190.7,22344.05,22165.05,22299.6,0,0
2020-08-24T00:00:00+0530,22436.85,22897.5,22410.05,22833,0,0
2020-08-25T00:00:00+0530,22973.4,23180.3,22857.9,23092.15,0,0
2020-08-26T00:00:00+0530,23175.55,23453.4,23093.15,23414.2,0,0
2020-08-27T00:00:00+0530,23511.45,23704.05,23464.15,23600.35,0,0
2020-08-28T00:00:00+0530,23635.3,24611.8,23599.2,24523.8,0,0
2020-08-31T00:00:00+0530,25038.8,25232.6,23385.3,23754.35,0,0
2020-09-01T00:00:00+0530,23893.8,24199.65,23473.15,23812,0,0
2020-09-02T00:00:00+0530,23769,23926.15,23482.55,23874.55,0,0
2020-09-03T00:00:00+0530,23986.15,24051.6,23451.65,23530.85,0,0
2020-09-04T00:00:00+0530,23119.15,23394.8,22876.9,23011.5,0,0
2020-09-07T00:00:00+0530,23036.25,23109.1,22716.25,22945.05,0,0
2020-09-08T00:00:00+0530,22971.2,23064.15,22641.4,22744.4,0,0
2020-09-09T00:00:00+0530,22486.7,22554.6,22080.4,22267,0,0
2020-09-10T00:00:00+0530,22466.55,22678.65,22225.25,22466.2,0,0
2020-09-11T00:00:00+0530,22509.95,22668.75,22205.95,22479.95,0,0
2020-09-14T00:00:00+0530,22683.35,22757.3,22028.15,22101.25,0,0
2020-09-15T00:00:00+0530,22202.8,22514.15,22062.35,22465.65,0,0
2020-09-16T00:00:00+0530,22476.3,22659.4,22216.5,22573.55,0,0
2020-09-17T00:00:00+0530,22352,22504.45,22267.05,22320.35,0,0
2020-09-18T00:00:00+0530,22439.35,22469.4,21784.9,22031.05,0,0
2020-09-21T00:00:00+0530,21983.4,22098.85,21274.3,21366.8,0,0
2020-09-22T00:00:00+0530,21445.25,21473.35,20958.45,21139.1,0,0
2020-09-23T00:00:00+0530,21350.8,21365.05,20821,21178.5,0,0
2020-09-24T00:00:00+0530,20898.8,20955.6,20404.9,20456.85,0,0
2020-09-25T00:00:00+0530,20740.8,21064.3,20430.7,20982.35,0,0
2020-09-28T00:00:00+0530,21152.05,21708.85,21055.1,21665.5,0,0
2020-09-29T00:00:00+0530,21770.9,21811.5,21280.6,21411.3,0,0
2020-09-30T00:00:00+0530,21405.25,21549.35,21128.5,21451.8,0,0
2020-10-01T00:00:00+0530,21685.25,22293.75,21664.15,22246,0,0
2020-10-05T00:00:00+0530,22352.1,22768.55,22247.25,22370.95,0,0
2020-10-06T00:00:00+0530,22673.05,22893.5,22521.05,22853.7,0,0
2020-10-07T00:00:00+0530,22836.95,23036.2,22607.8,22964.8,0,0
2020-10-08T00:00:00+0530,23150.25,23450.9,23063.6,23191.35,0,0
2020-10-09T00:00:00+0530,23312.6,23904.1,23132.45,23846.8,0,0
2020-10-12T00:00:00+0530,23955.6,24190.35,23552.6,23712.8,0,0
2020-10-13T00:00:00+0530,23663.05,23775.15,23431.5,23492.2,0,0
2020-10-14T00:00:00+0530,23353.15,23962.7,23149.45,23874.65,0,0
2020-10-15T00:00:00+0530,23920.35,24087.85,22970.95,23072.4,0,0
2020-10-16T00:00:00+0530,23219.85,23646.2,23148.95,23533.25,0,0
2020-10-19T00:00:00+0530,23902.9,24320.95,23754.85,24266.75,0,0
2020-10-20T00:00:00+0530,24117.35,24410.9,24039.85,24311.8,0,0
2020-10-21T00:00:00+0530,24444.2,24823.6,24099.85,24635.05,0,0
2020-10-22T00:00:00+0530,24447.35,24691.15,24250.2,24484.15,0,0
2020-10-23T00:00:00+0530,24669.2,24764.15,24360.85,24478.3,0,0
2020-10-26T00:00:00+0530,24525.8,24577.3,23867.75,24075.45,0,0
2020-10-27T00:00:00+0530,24288.05,24809.65,23924.2,24769.5,0,0
2020-10-28T00:00:00+0530,24737.85,24780.7,24057.95,24232.5,0,0
2020-10-29T00:00:00+0530,24063.5,24339.1,23822.05,24092,0,0
2020-10-30T00:00:00+0530,24090.15,24277.35,23612.7,23900.9,0,0
2020-11-02T00:00:00+0530,24367.6,25139,24120.6,24892.5,0,0
2020-11-03T00:00:00+0530,25108,25760.7,25085.7,25682.8,0,0
2020-11-04T00:00:00+0530,25539.55,25891,25142,25771.6,0,0
2020-11-05T00:00:00+0530,26174.8,26375.2,26000.05,26313.1,0,0
2020-11-06T00:00:00+0530,26274.1,26853.45,26135.3,26798.95,0,0
2020-11-09T00:00:00+0530,27088.95,27595,27068.95,27534.1,0,0
2020-11-10T00:00:00+0530,28039.45,28802.5,27916.9,28606,0,0
2020-11-11T00:00:00+0530,28713.15,29030.9,28211.1,28845,0,0
2020-11-12T00:00:00+0530,28633.75,28672.9,28066.05,28278.8,0,0
2020-11-13T00:00:00+0530,28108.7,28520.55,27703.3,28465.7,0,0
2020-11-14T00:00:00+0530,28685.7,28752.45,28431.85,28594.3,0,0
2020-11-17T00:00:00+0530,28792.25,29239.25,28722.9,29181.3,0,0
2020-11-18T00:00:00+0530,29107.9,29784.75,29056.75,29749.85,0,0
2020-11-19T00:00:00+0530,29302.6,29627.2,28819.55,28903.05,0,0
2020-11-20T00:00:00+0530,28935.75,29406.7,28580.9,29236,0,0
2020-11-23T00:00:00+0530,29432.8,29492.3,28852.9,29024.2,0,0
2020-11-24T00:00:00+0530,29265.6,29827.8,29206.75,29737.25,0,0
2020-11-25T00:00:00+0530,30021.9,30197.85,29132.3,29196.4,0,0
2020-11-26T00:00:00+0530,29370.4,29623,28923.1,29549.75,0,0
2020-11-27T00:00:00+0530,29622,29716.85,29368.7,29609.05,0,0
2020-12-01T00:00:00+0530,29844.8,29919.75,29511,29817.85,0,0
2020-12-02T00:00:00+0530,29876.7,29886.25,29149.9,29463.15,0,0
2020-12-03T00:00:00+0530,29728.9,29813,29379.4,29448.75,0,0
2020-12-04T00:00:00+0530,29573.4,30162.3,29473.5,30052.4,0,0
2020-12-07T00:00:00+0530,30062.6,30354.2,29950.6,30211.55,0,0
2020-12-08T00:00:00+0530,30300.3,30363.8,30025.2,30261.9,0,0
2020-12-09T00:00:00+0530,30335.05,30807.25,30326.7,30709.4,0,0
2020-12-10T00:00:00+0530,30545.35,30610,30202.1,30510.35,0,0
2020-12-11T00:00:00+0530,30555.3,30811.8,30328.45,30604.85,0,0
2020-12-14T00:00:00+0530,30735.15,30845.8,30624.25,30745.9,0,0
2020-12-15T00:00:00+0530,30805.4,30805.85,30345.75,30691.05,0,0
2020-12-16T00:00:00+0530,30920.35,30932.25,30587.1,30698.4,0,0
2020-12-17T00:00:00+0530,30791.2,30945.2,30643.9,30847.05,0,0
2020-12-18T00:00:00+0530,30841.85,30854.05,30374.5,30714.65,0,0
2020-12-21T00:00:00+0530,30595.8,30607.5,29201.2,29456.45,0,0
2020-12-22T00:00:00+0530,29607.5,29711.15,28976.75,29625.95,0,0
2020-12-23T00:00:00+0530,29560.75,29941.4,29446,29883.3,0,0
2020-12-24T00:00:00+0530,30071.65,30545.85,30007.8,30402.2,0,0
2020-12-28T00:00:00+0530,30558.85,30929.05,30538.15,30880.95,0,0
2020-12-29T00:00:00+0530,31006.9,31359.35,31002.6,31322.5,0,0
2020-12-30T00:00:00+0530,31479.8,31510.25,31007.15,31303.05,0,0
2020-12-31T00:00:00+0530,31295.9,31409.5,31088.1,31264.05,0,0
2021-01-01T00:00:00+0530,31297.3,31384.35,31188.25,31225.85,0,0
2021-01-04T00:00:00+0530,31485.15,31489.6,30893.65,31212.45,0,0
2021-01-05T00:00:00+0530,31041.1,31767.65,30935.55,31722.25,0,0
2021-01-06T00:00:00+0530,31839.95,31982.3,31548.15,31797.9,0,0
2021-01-07T00:00:00+0530,32129.8,32177.4,31911.5,31956,0,0
2021-01-08T00:00:00+0530,32298.05,32298.05,32002.95,32084.2,0,0
2021-01-11T00:00:00+0530,32280.3,32288.45,31836.95,31998.9,0,0
2021-01-12T00:00:00+0530,31835.05,32397.95,31725.85,32339,0,0
2021-01-13T00:00:00+0530,32546.6,32683.5,32148.25,32574.65,0,0
2021-01-14T00:00:00+0530,32526.7,32718.95,32442.35,32519.75,0,0
2021-01-15T00:00:00+0530,32508.9,32544.8,32044.35,32246.8,0,0
2021-01-18T00:00:00+0530,32275.15,32441.5,31650.9,31811.75,0,0
2021-01-19T00:00:00+0530,32082.9,32464.95,31863.95,32424.85,0,0
2021-01-20T00:00:00+0530,32388.95,32607.45,32322.9,32543.7,0,0
2021-01-21T00:00:00+0530,32732.8,32842.3,31985.55,32186.9,0,0
2021-01-22T00:00:00+0530,32088,32131.4,31119.9,31167.25,0,0
2021-01-25T00:00:00+0530,31507.15,31697.55,31013.65,31198.4,0,0
2021-01-27T00:00:00+0530,31236.25,31287.05,30165.65,30284.55,0,0
2021-01-28T00:00:00+0530,29812.3,30464.4,29687.7,30358.3,0,0
2021-01-29T00:00:00+0530,30700.65,31111.95,30254.55,30565.5,0,0
2021-02-01T00:00:00+0530,30976.35,33305.3,30906.45,33089.05,0,0
2021-02-02T00:00:00+0530,33589.05,34652.5,33583.15,34267.9,0,0
2021-02-03T00:00:00+0530,34555.6,34908.05,34011.9,34758.45,0,0
2021-02-04T00:00:00+0530,34548.9,35413.15,34238.9,35344.8,0,0
2021-02-05T00:00:00+0530,35634.95,36615.2,35545,35654.5,0,0
2021-02-08T00:00:00+0530,36073.85,36466.45,35872.25,35983.65,0,0
2021-02-09T00:00:00+0530,36058.8,36477.15,35636.85,36056.5,0,0
2021-02-10T00:00:00+0530,36042.35,36227.2,35428.15,35783.1,0,0
2021-02-11T00:00:00+0530,35687.25,36009.45,35573.3,35752.1,0,0
2021-02-12T00:00:00+0530,35736.6,36322.8,35700.25,36108.9,0,0
2021-02-15T00:00:00+0530,36501.4,37449.9,36405.1,37306.25,0,0
2021-02-16T00:00:00+0530,37492.6,37708.75,36762.75,37098.4,0,0
2021-02-17T00:00:00+0530,37041.95,37331.45,36764.25,36910.95,0,0
2021-02-18T00:00:00+0530,37088.75,37108.75,36367.45,36587,0,0
2021-02-19T00:00:00+0530,36371.55,36656.2,35584.6,35841.6,0,0
2021-02-22T00:00:00+0530,35874.3,36128.9,35097.55,35257.2,0,0
2021-02-23T00:00:00+0530,35540.55,35680.85,34976,35116.95,0,0
2021-02-24T00:00:00+0530,35205.4,36567.65,35060.65,36452.3,0,0
2021-02-25T00:00:00+0530,36763.15,37232.2,36494,36549,0,0
2021-02-26T00:00:00+0530,35806.65,35902.9,34658.7,34803.6,0,0
2021-03-01T00:00:00+0530,35374.25,35581.1,34983.75,35296,0,0
2021-03-02T00:00:00+0530,35458.15,35747.05,35002.45,35419.7,0,0
2021-03-03T00:00:00+0530,35754.45,36455.15,35570.55,36368.05,0,0
2021-03-04T00:00:00+0530,35575.65,36316.4,35519.25,35802.5,0,0
2021-03-05T00:00:00+0530,35458.5,35616.05,34893.25,35228.15,0,0
2021-03-08T00:00:00+0530,35462.45,35827.3,35090.75,35275.75,0,0
2021-03-09T00:00:00+0530,35705.9,36077.8,35544.95,35865.65,0,0
2021-03-10T00:00:00+0530,36112.25,36176.9,35764.35,35938.3,0,0
2021-03-12T00:00:00+0530,36497.35,36497.35,35188.05,35496.65,0,0
2021-03-15T00:00:00+0530,35544.25,35544.25,34430.65,35182.55,0,0
2021-03-16T00:00:00+0530,35352,35405.05,34744.6,34804.6,0,0
2021-03-17T00:00:00+0530,34905.05,35100.5,34126.85,34229.25,0,0
2021-03-18T00:00:00+0530,34577.5,34759.85,33597.55,33856.8,0,0
2021-03-19T00:00:00+0530,33590.4,34355.4,33361,34161.6,0,0
2021-03-22T00:00:00+0530,34088.4,34148.9,33389.15,33603.45,0,0
2021-03-23T00:00:00+0530,33747.95,34360.05,33622,34184.4,0,0
2021-03-24T00:00:00+0530,33894.7,33970.65,33203.4,33293.25,0,0
2021-03-25T00:00:00+0530,33420.75,33550.15,32415.25,33006.45,0,0
2021-03-26T00:00:00+0530,33605.05,33610.65,33166.1,33318.2,0,0
2021-03-30T00:00:00+0530,33615.9,33990.8,33564.55,33875.1,0,0
2021-03-31T00:00:00+0530,33764.8,33773.1,33151.8,33303.9,0,0
2021-04-01T00:00:00+0530,33588,33949.15,33208.75,33858,0,0
2021-04-05T00:00:00+0530,33649.15,33697.75,32330.15,32678.85,0,0
2021-04-06T00:00:00+0530,32915.65,33007.65,32338.4,32501.35,0,0
2021-04-07T00:00:00+0530,32529.7,33191.7,32141.55,32991.2,0,0
2021-04-08T00:00:00+0530,33154.2,33306.8,32704.75,32782.85,0,0
2021-04-09T00:00:00+0530,32636.9,32972.15,32329.95,32448.05,0,0
2021-04-12T00:00:00+0530,31637.9,31698.05,30520.3,30792,0,0
2021-04-13T00:00:00+0530,30901.8,31885.45,30722.85,31771.6,0,0
2021-04-15T00:00:00+0530,31929.1,32187.05,31406.4,32112.85,0,0
2021-04-16T00:00:00+0530,32161.45,32325.15,31911.9,31977.45,0,0
2021-04-19T00:00:00+0530,30993.45,31304.3,30405.65,31208.4,0,0
2021-04-20T00:00:00+0530,31568.95,31731.65,30891,31112.7,0,0
2021-04-22T00:00:00+0530,30763.5,31834.5,30555.25,31782.6,0,0
2021-04-23T00:00:00+0530,31490.6,32148.4,31377.15,31722.3,0,0
2021-04-26T00:00:00+0530,32316.65,32603.7,32144.8,32275.15,0,0
2021-04-27T00:00:00+0530,32228.95,32807.1,32152.95,32735.35,0,0
2021-04-28T00:00:00+0530,32865.5,33777.7,32840.3,33722.8,0,0
2021-04-29T00:00:00+0530,33901.6,34287,33304.6,33714.5,0,0
2021-04-30T00:00:00+0530,33112.4,33455.25,32663.4,32781.8,0,0
2021-05-03T00:00:00+0530,32368.55,32566.6,31906.55,32465.75,0,0
2021-05-04T00:00:00+0530,32610.4,33011.55,32191.4,32270.35,0,0
2021-05-05T00:00:00+0530,32577.1,32862.15,32068.55,32783.7,0,0
2021-05-06T00:00:00+0530,32900.75,32956.35,32564,32827.8,0,0
2021-05-07T00:00:00+0530,33041.65,33259.15,32771.35,32904.5,0,0
2021-05-10T00:00:00+0530,33175.3,33297.6,33028.15,33142.4,0,0
2021-05-11T00:00:00+0530,32640.95,33154.3,32611.7,32872.2,0,0
2021-05-12T00:00:00+0530,32717.65,32747.7,32352.3,32452.3,0,0
2021-05-14T00:00:00+0530,32495.15,32622.65,32115.5,32169.55,0,0
2021-05-17T00:00:00+0530,32437.85,33506.9,32318.7,33459.25,0,0
2021-05-18T00:00:00+0530,33893.1,34142.85,33730.45,33922.4,0,0
2021-05-19T00:00:00+0530,33717.1,33959.3,33608.25,33685.2,0,0
2021-05-20T00:00:00+0530,33692.55,33833.7,33273.95,33334.55,0,0
2021-05-21T00:00:00+0530,33559.8,34694.45,33559.75,34606.9,0,0
2021-05-24T00:00:00+0530,34869.3,35216.1,34528.3,34943.6,0,0
2021-05-25T00:00:00+0530,35095,35125.85,34410.4,34662,0,0
2021-05-26T00:00:00+0530,34757.15,34897.95,34462.5,34684.2,0,0
2021-05-27T00:00:00+0530,34664.2,35220.8,34529.7,35095.05,0,0
2021-05-28T00:00:00+0530,35345.65,35436.65,34977.2,35141.45,0,0
2021-05-31T00:00:00+0530,35097.45,35584.3,34930.1,35526.65,0,0
2021-06-01T00:00:00+0530,35639.75,35713.9,35241.2,35337.2,0,0
2021-06-02T00:00:00+0530,35271.6,35415.85,35070.3,35373.75,0,0
2021-06-03T00:00:00+0530,35536.45,35723.7,35413,35649,0,0
2021-06-04T00:00:00+0530,35657.85,35810.9,35176.15,35291.65,0,0
2021-06-07T00:00:00+0530,35460.8,35545.85,35338.55,35443.65,0,0
2021-06-08T00:00:00+0530,35433.8,35449.5,34962.65,35085.3,0,0
2021-06-09T00:00:00+0530,35114.25,35402.45,34641.2,34800.5,0,0
2021-06-10T00:00:00+0530,34903.6,35165.65,34734.4,35131.2,0,0
2021-06-11T00:00:00+0530,35324.65,35344,34891.3,35047.4,0,0
2021-06-14T00:00:00+0530,34936.55,34995.15,34374.35,34950.6,0,0
2021-06-15T00:00:00+0530,35038.05,35317.4,34917.9,35247.75,0,0
2021-06-16T00:00:00+0530,35196.25,35380,34916.2,35003.5,0,0
2021-06-17T00:00:00+0530,34619.8,34882.4,34458.1,34605.4,0,0
2021-06-18T00:00:00+0530,34735.15,34787.4,33908.95,34558,0,0
2021-06-21T00:00:00+0530,34109.45,34927.65,33937.5,34871.3,0,0
2021-06-22T00:00:00+0530,35084.9,35281.9,34664.35,34745,0,0
2021-06-23T00:00:00+0530,34911.85,34937.65,34525.45,34574,0,0
2021-06-24T00:00:00+0530,34687.7,34935.3,34592.35,34827,0,0
2021-06-25T00:00:00+0530,34916.65,35491.95,34915.85,35364.65,0,0
2021-06-28T00:00:00+0530,35488.2,35576.95,35236.45,35359.45,0,0
2021-06-29T00:00:00+0530,35320.45,35337.45,34913.7,35010.3,0,0
2021-06-30T00:00:00+0530,35001.9,35214.9,34730.45,34772.2,0,0
2021-07-01T00:00:00+0530,34866,34917.65,34650.95,34684,0,0
2021-07-02T00:00:00+0530,34728.1,34894.45,34632.6,34809.9,0,0
2021-07-05T00:00:00+0530,35010.95,35234.3,34926.4,35212,0,0
2021-07-06T00:00:00+0530,35173.6,35807.45,35165.55,35579.15,0,0
2021-07-07T00:00:00+0530,35550.6,35795.75,35427.65,35771.3,0,0
2021-07-08T00:00:00+0530,35603.25,35811,35134.65,35274.1,0,0
2021-07-09T00:00:00+0530,35163.75,35225.2,34859.9,35071.95,0,0
2021-07-12T00:00:00+0530,35285.05,35394.3,35060.35,35198.9,0,0
2021-07-13T00:00:00+0530,35480.05,35727.85,35340.7,35673.4,0,0
2021-07-14T00:00:00+0530,35585.85,35804.05,35434.75,35668.25,0,0
2021-07-15T00:00:00+0530,35757.45,35985.25,35625.7,35907.65,0,0
2021-07-16T00:00:00+0530,35977.95,35977.95,35674.75,35751.8,0,0
2021-07-19T00:00:00+0530,35070.5,35347.05,34899.2,35079.2,0,0
2021-07-20T00:00:00+0530,34791.15,34894.15,34357.35,34415.45,0,0
2021-07-22T00:00:00+0530,34774.55,34989.1,34557.85,34677.3,0,0
2021-07-23T00:00:00+0530,34748.35,35088,34404.75,35034.4,0,0
2021-07-26T00:00:00+0530,34947.85,35138.2,34669.55,34949.7,0,0
2021-07-27T00:00:00+0530,35029.3,35186.1,34713.55,34797.45,0,0
2021-07-28T00:00:00+0530,34839.45,34841.55,34115.2,34532.9,0,0
2021-07-29T00:00:00+0530,34740.3,34778.15,34495.2,34691.5,0,0
2021-07-30T00:00:00+0530,34698.75,34738.75,34445.4,34584.35,0,0
2021-08-02T00:00:00+0530,34760.9,34861.75,34588.25,34710,0,0
2021-08-03T00:00:00+0530,34660.75,35238.45,34649.2,35207.45,0,0
2021-08-04T00:00:00+0530,35388.15,36219.8,35313,36028.05,0,0
2021-08-05T00:00:00+0530,36093.95,36115.45,35661.3,35834.75,0,0
2021-08-06T00:00:00+0530,35875.8,36080.1,35700.45,35809.25,0,0
2021-08-09T00:00:00+0530,35824.2,36159.85,35612.3,36028.95,0,0
2021-08-10T00:00:00+0530,35954.55,36317,35890.5,36034.1,0,0
2021-08-11T00:00:00+0530,36218.25,36227.55,35531.35,35806.4,0,0
2021-08-12T00:00:00+0530,35825.4,35998.15,35702.9,35937.05,0,0
2021-08-13T00:00:00+0530,36000.75,36233.3,35937.1,36169.35,0,0
2021-08-16T00:00:00+0530,36100.65,36261.55,36032.4,36094.5,0,0
2021-08-17T00:00:00+0530,35935.05,35993.7,35611.85,35867.45,0,0
2021-08-18T00:00:00+0530,36222.5,36248.9,35432,35554.5,0,0
2021-08-20T00:00:00+0530,35146.5,35306.5,34926.5,35033.85,0,0
2021-08-23T00:00:00+0530,35424.2,35427.4,34817.5,35124.4,0,0
2021-08-24T00:00:00+0530,35200.75,35795.3,35070,35712.1,0,0
2021-08-25T00:00:00+0530,35768.85,35910.3,35499.65,35586.25,0,0
2021-08-26T00:00:00+0530,35485.95,35785.8,35411.8,35617.55,0,0
2021-08-27T00:00:00+0530,35559.75,35727.9,35359.25,35627.8,0,0
2021-08-30T00:00:00+0530,35781.05,36398.45,35721.9,36347.65,0,0
2021-08-31T00:00:00+0530,36367.4,36552.8,36216.2,36424.6,0,0
2021-09-01T00:00:00+0530,36591.45,36997.7,36487.15,36574.3,0,0
2021-09-02T00:00:00+0530,36588.4,36895.55,36469,36831.3,0,0
2021-09-03T00:00:00+0530,36883.65,37140,36563.2,36761.15,0,0
2021-09-06T00:00:00+0530,36878.25,36923.65,36554.45,36592.35,0,0
2021-09-07T00:00:00+0530,36558.85,36685.85,36151.95,36468.8,0,0
2021-09-08T00:00:00+0530,36519.7,36855.9,36393.6,36768.2,0,0
2021-09-09T00:00:00+0530,36725.5,36857.2,36566.7,36683.2,0,0
2021-09-13T00:00:00+0530,36608.45,36724.85,36327.05,36471.8,0,0
2021-09-14T00:00:00+0530,36639.95,36756,36529.65,36613.05,0,0
2021-09-15T00:00:00+0530,36543.55,36949.7,36496.05,36852.25,0,0
2021-09-16T00:00:00+0530,36946,37720.15,36907.75,37668.6,0,0
2021-09-17T00:00:00+0530,37929.5,38112.75,37396.05,37811.95,0,0
2021-09-20T00:00:00+0530,37388.2,37802.75,37068.45,37145.7,0,0
2021-09-21T00:00:00+0530,37238.4,37340.7,36525.95,37235.85,0,0
2021-09-22T00:00:00+0530,37277.1,37328.6,36885.6,36944.65,0,0
2021-09-23T00:00:00+0530,37241.25,37830.75,37216.15,37771.7,0,0
2021-09-24T00:00:00+0530,37954,38112.6,37680,37830.3,0,0
2021-09-27T00:00:00+0530,38054.75,38355.2,37968.2,38171.25,0,0
2021-09-28T00:00:00+0530,38360,38377.25,37315.2,37945,0,0
2021-09-29T00:00:00+0530,37601.1,37923.45,37371.05,37743,0,0
2021-09-30T00:00:00+0530,37677.8,37884.85,37354.25,37425.1,0,0
2021-10-01T00:00:00+0530,37140.4,37299.4,36876.35,37225.9,0,0
2021-10-04T00:00:00+0530,37392.15,37670.7,37355.6,37579.65,0,0
2021-10-05T00:00:00+0530,37499.8,37786.6,37364.75,37741,0,0
2021-10-06T00:00:00+0530,37768.8,38106.85,37452,37521.55,0,0
2021-10-07T00:00:00+0530,37894,37923.65,37650.25,37753.2,0,0
2021-10-08T00:00:00+0530,37906.4,38105.2,37674.35,37775.25,0,0
2021-10-11T00:00:00+0530,37782.75,38495.3,37744.65,38293.8,0,0
2021-10-12T00:00:00+0530,38178.35,38609.6,38144.6,38521.5,0,0
2021-10-13T00:00:00+0530,38735.3,38779.05,38502.7,38635.75,0,0
2021-10-14T00:00:00+0530,38684.65,39375.05,38673,39340.9,0,0
2021-10-18T00:00:00+0530,39794.25,39947.6,39569.55,39684.8,0,0
2021-10-19T00:00:00+0530,39927.3,40011.15,39394.25,39540.5,0,0
2021-10-20T00:00:00+0530,39545.45,39774.55,39292.8,39518.2,0,0
2021-10-21T00:00:00+0530,39676.55,40200.45,39428.1,40030.2,0,0
2021-10-22T00:00:00+0530,40192.65,40587.35,40149.55,40323.65,0,0
2021-10-25T00:00:00+0530,40961.25,41829.6,40508.1,41192.4,0,0
2021-10-26T00:00:00+0530,41057.75,41367.25,40829.15,41238.3,0,0
2021-10-27T00:00:00+0530,41234.55,41347,40750,40874.35,0,0
2021-10-28T00:00:00+0530,40915.15,40931.05,39350.2,39508.95,0,0
2021-10-29T00:00:00+0530,39424.55,39775.25,38426.65,39115.6,0,0
2021-11-01T00:00:00+0530,39432.15,39862.6,39120.65,39763.75,0,0
2021-11-02T00:00:00+0530,39796.9,40107.6,39590.7,39938.45,0,0
2021-11-03T00:00:00+0530,40040.65,40160.2,39304.85,39402.05,0,0
2021-11-04T00:00:00+0530,39669.1,39734.7,39514.15,39573.7,0,0
2021-11-08T00:00:00+0530,39674.05,39674.05,38932.15,39438.25,0,0
2021-11-09T00:00:00+0530,39517.85,39560.6,39223.4,39368.8,0,0
2021-11-10T00:00:00+0530,39206.2,39220.3,38873.8,39023.25,0,0
2021-11-11T00:00:00+0530,38913.05,38929.95,38346.05,38560.2,0,0
2021-11-12T00:00:00+0530,38707.15,38822.85,38467.8,38733.35,0,0
2021-11-15T00:00:00+0530,38849.45,39117.15,38606.6,38702.35,0,0
2021-11-16T00:00:00+0530,38710.9,38724.7,38211.1,38307.1,0,0
2021-11-17T00:00:00+0530,38113.4,38456.3,37981.2,38041.55,0,0
2021-11-18T00:00:00+0530,38071.9,38233.95,37748.45,37976.25,0,0
2021-11-22T00:00:00+0530,38232.15,38241,36655.4,37128.8,0,0
2021-11-23T00:00:00+0530,36787,37448.75,36647.55,37272.8,0,0
2021-11-24T00:00:00+0530,37384.75,37891.9,37238.05,37441.95,0,0
2021-11-25T00:00:00+0530,37362.05,37507.95,37118.4,37364.75,0,0
2021-11-26T00:00:00+0530,36830.9,36868.9,35904.1,36025.5,0,0
2021-11-29T00:00:00+0530,36224.45,36347.85,35327.9,35976.45,0,0
2021-11-30T00:00:00+0530,35958.8,36774.2,35526.35,35695.3,0,0
2021-12-01T00:00:00+0530,35902.9,36445.35,35805,36364.9,0,0
2021-12-02T00:00:00+0530,36281.85,36563.5,36166.7,36508.25,0,0
2021-12-03T00:00:00+0530,36497.3,36844,36062.85,36197.15,0,0
2021-12-06T00:00:00+0530,36252.75,36344.55,35696.75,35735.9,0,0
2021-12-07T00:00:00+0530,36086.95,36820.7,36013.95,36618.4,0,0
2021-12-08T00:00:00+0530,37052.75,37384.8,36905.15,37284.7,0,0
2021-12-09T00:00:00+0530,37331.75,37397.55,36884.45,37082.45,0,0
2021-12-10T00:00:00+0530,37083.15,37153.25,36824.4,37105.65,0,0
2021-12-13T00:00:00+0530,37358.2,37581.05,36861.9,36925.25,0,0
2021-12-14T00:00:00+0530,36778.95,37039.05,36545.4,36893.95,0,0
2021-12-15T00:00:00+0530,36929.5,37083.5,36743.2,36789.55,0,0
2021-12-16T00:00:00+0530,37092.95,37159.3,36385.75,36548.65,0,0
2021-12-17T00:00:00+0530,36491.8,36550.75,35535.05,35618.65,0,0
2021-12-20T00:00:00+0530,35124.35,35231.1,34018.45,34439.85,0,0
2021-12-21T00:00:00+0530,34863.35,35050,34389.95,34607.85,0,0
2021-12-22T00:00:00+0530,34865.25,35112.1,34687.6,35029.5,0,0
2021-12-23T00:00:00+0530,35350.5,35477.3,35046.25,35191.15,0,0
2021-12-24T00:00:00+0530,35282.2,35327.95,34583.4,34857.05,0,0
2021-12-27T00:00:00+0530,34573.65,35143.7,34233,35057.9,0,0
2021-12-28T00:00:00+0530,35308.3,35352.4,35037.9,35183.8,0,0
2021-12-29T00:00:00+0530,35168.85,35378.3,34890.8,35045.4,0,0
2021-12-30T00:00:00+0530,34977.65,35179.05,34751.25,35063.6,0,0
2021-12-31T00:00:00+0530,35114.4,35596.95,35113.75,35481.7,0,0
2022-01-03T00:00:00+0530,35585.2,36492.1,35526.6,36421.9,0,0
2022-01-04T00:00:00+0530,36551.25,36887.8,36374.4,36840.15,0,0
2022-01-05T00:00:00+0530,36943.55,37862.4,36756.35,37695.9,0,0
2022-01-06T00:00:00+0530,37242.55,37752.5,37058.45,37490.25,0,0
2022-01-07T00:00:00+0530,37667.05,38134.85,37427.8,37739.6,0,0
2022-01-10T00:00:00+0530,37930.55,38400.35,37929.35,38347.9,0,0
2022-01-11T00:00:00+0530,38370,38504.6,38031.75,38442.2,0,0
2022-01-12T00:00:00+0530,38719.6,38851.45,38604.6,38727.55,0,0
2022-01-13T00:00:00+0530,38717.55,38717.55,38376.15,38469.95,0,0
2022-01-14T00:00:00+0530,38302.35,38448.05,38007.75,38370.4,0,0
2022-01-17T00:00:00+0530,38212.55,38617.5,38138.25,38216.15,0,0
2022-01-18T00:00:00+0530,38337.4,38855.55,38095.4,38210.3,0,0
2022-01-19T00:00:00+0530,38145.75,38330.5,37769.25,38041.35,0,0
2022-01-20T00:00:00+0530,38106.1,38167.95,37591.85,37850.85,0,0
2022-01-21T00:00:00+0530,37522.35,37741,37224.25,37574.3,0,0
2022-01-24T00:00:00+0530,37601.95,37694.7,36375.35,36947.55,0,0
2022-01-25T00:00:00+0530,36598.05,37788.8,36415.6,37706.75,0,0
2022-01-27T00:00:00+0530,37058.2,38147.65,37012.25,37982.1,0,0
2022-01-28T00:00:00+0530,38246.6,38421.7,37581.5,37689.4,0,0
2022-01-31T00:00:00+0530,38091.8,38217.25,37647.85,37975.35,0,0
2022-02-01T00:00:00+0530,38460.45,38802.7,37690.6,38505.5,0,0
2022-02-02T00:00:00+0530,38841.55,39386.6,38752.65,39330.5,0,0
2022-02-03T00:00:00+0530,39255.7,39424.85,38861.15,39010,0,0
2022-02-04T00:00:00+0530,39128,39278.6,38562.6,38789.35,0,0
2022-02-07T00:00:00+0530,38592.05,38837.55,37802.7,37995.45,0,0
2022-02-08T00:00:00+0530,38176.1,38222.1,37319.05,38028.45,0,0
2022-02-09T00:00:00+0530,38283.6,38648.15,38192,38610.25,0,0
2022-02-10T00:00:00+0530,38801.45,39197.2,38520,39010.95,0,0
2022-02-11T00:00:00+0530,38567.65,38790.25,38396.4,38517.25,0,0
2022-02-14T00:00:00+0530,37664,37796.55,36828.05,36908.55,0,0
2022-02-15T00:00:00+0530,36989.8,38231.6,36651.85,38170.1,0,0
2022-02-16T00:00:00+0530,38296.5,38461.7,37762.8,37953.8,0,0
2022-02-17T00:00:00+0530,38042.1,38124.5,37425.6,37531.65,0,0
2022-02-18T00:00:00+0530,37344.45,37817.55,37304.45,37599.15,0,0
2022-02-21T00:00:00+0530,37400,38054.4,37156.8,37685.6,0,0
2022-02-22T00:00:00+0530,36833,37659.4,36818.1,37371.65,0,0
2022-02-23T00:00:00+0530,37628.55,37774.6,37318,37392.05,0,0
2022-02-24T00:00:00+0530,36085.2,36709.15,34991.35,35228.1,0,0
2022-02-25T00:00:00+0530,35901.7,36684.65,35768.2,36430.75,0,0
2022-02-28T00:00:00+0530,35938.95,36270.25,35611.9,36205.3,0,0
2022-03-02T00:00:00+0530,35381.9,35553.7,34897.45,35372.8,0,0
2022-03-03T00:00:00+0530,35621.15,35804.15,34721.15,34944.3,0,0
2022-03-04T00:00:00+0530,34526.1,35097.75,34094.1,34407.8,0,0
2022-03-07T00:00:00+0530,33278.15,33543.3,32376.5,32871.25,0,0
2022-03-08T00:00:00+0530,32531.9,33263.55,32155.35,33158.1,0,0
2022-03-09T00:00:00+0530,33278.9,33969.5,32948.9,33815.45,0,0
2022-03-10T00:00:00+0530,35153.95,35374.15,34218.05,34475.6,0,0
2022-03-11T00:00:00+0530,34331,34880.05,34094.3,34546.25,0,0
2022-03-14T00:00:00+0530,34660.25,35435.1,34625.05,35312.15,0,0
2022-03-15T00:00:00+0530,35467.95,35643.8,34706.05,35022.65,0,0
2022-03-16T00:00:00+0530,35555.75,35806.35,35461.55,35748.25,0,0
2022-03-17T00:00:00+0530,36302,36611.95,36261.65,36428.55,0,0
2022-03-21T00:00:00+0530,36545.85,36600.2,35900.2,36018.5,0,0
2022-03-22T00:00:00+0530,35975.6,36468.8,35384.75,36348.55,0,0
2022-03-23T00:00:00+0530,36627.7,36827.6,36064.75,36147.35,0,0
2022-03-24T00:00:00+0530,35633.7,35957.7,35421.7,35527.1,0,0
2022-03-25T00:00:00+0530,35700.4,35717.4,35203.85,35410.1,0,0
2022-03-28T00:00:00+0530,35488.7,35770.8,35016.3,35710.5,0,0
2022-03-29T00:00:00+0530,35931.75,35977.2,35506.55,35847.4,0,0
2022-03-30T00:00:00+0530,36241.55,36421.1,36070.55,36334.3,0,0
2022-03-31T00:00:00+0530,36457.2,36590.85,36278.15,36373.6,0,0
2022-04-01T00:00:00+0530,36298.35,37209.8,36242.35,37148.5,0,0
2022-04-04T00:00:00+0530,37824.95,38765.85,37665.55,38635.2,0,0
2022-04-05T00:00:00+0530,38731.3,38759.25,37935.95,38067.9,0,0
2022-04-06T00:00:00+0530,37711.3,37868.5,37513.85,37632.8,0,0
2022-04-07T00:00:00+0530,37421.75,37975.9,37346.8,37557.35,0,0
2022-04-08T00:00:00+0530,37619.7,37884.2,37405.2,37752.05,0,0
2022-04-11T00:00:00+0530,37591.75,37941.75,37524.45,37613.8,0,0
2022-04-12T00:00:00+0530,37407.4,37920.6,37264.45,37747.4,0,0
2022-04-13T00:00:00+0530,37887.3,37988.6,37408.2,37463.4,0,0
2022-04-18T00:00:00+0530,36833.15,36965.85,36441.35,36729,0,0
2022-04-19T00:00:00+0530,36806.8,37123.55,35926.3,36341.6,0,0
2022-04-20T00:00:00+0530,36482.6,36513.85,36114.05,36314.9,0,0
2022-04-21T00:00:00+0530,36513.1,36913.35,36395.7,36816.1,0,0
2022-04-22T00:00:00+0530,36514.15,36578.95,35991.5,36044.75,0,0
2022-04-25T00:00:00+0530,35792.35,36270.15,35511.4,36082.35,0,0
2022-04-26T00:00:00+0530,36515.35,36604.55,36265.9,36404.8,0,0
2022-04-27T00:00:00+0530,36067.55,36175.9,35747.15,36028.85,0,0
2022-04-28T00:00:00+0530,36189.95,36501.1,35951.1,36422.2,0,0
2022-04-29T00:00:00+0530,36474.05,36718.8,35978.95,36088.15,0,0
2022-05-02T00:00:00+0530,35627.6,36235.25,35618.2,36163.75,0,0
2022-05-04T00:00:00+0530,36266.15,36309.3,35127.85,35264.55,0,0
2022-05-05T00:00:00+0530,35705.35,35934.85,35133.8,35232.85,0,0
2022-05-06T00:00:00+0530,34569.1,34797.95,34353.2,34591.2,0,0
2022-05-09T00:00:00+0530,34091.75,34554.35,33927.2,34275.4,0,0
2022-05-10T00:00:00+0530,34181.2,34781.8,34176.8,34482.65,0,0
2022-05-11T00:00:00+0530,34686.3,34793.2,34143.2,34693.15,0,0
2022-05-12T00:00:00+0530,34289.1,34341.2,33297.65,33532.15,0,0
2022-05-13T00:00:00+0530,33925.95,34002.2,33007.9,33121.35,0,0
2022-05-16T00:00:00+0530,33256,33821.65,33001.75,33597.6,0,0
2022-05-17T00:00:00+0530,33796.2,34366.05,33680.6,34301.9,0,0
2022-05-18T00:00:00+0530,34448.2,34655.8,34134.7,34163.7,0,0
2022-05-19T00:00:00+0530,33461,33633.95,33180.6,33315.65,0,0
2022-05-20T00:00:00+0530,33765.15,34358.05,33658.05,34276.4,0,0
2022-05-23T00:00:00+0530,34321.4,34819.95,34117.35,34247.6,0,0
2022-05-24T00:00:00+0530,34223.2,34586.45,34115.8,34290.15,0,0
2022-05-25T00:00:00+0530,34491.8,34722.6,34285.8,34339.5,0,0
2022-05-26T00:00:00+0530,34670.6,35222.05,34424.75,35094.9,0,0
2022-05-27T00:00:00+0530,35326.6,35694.85,35291.95,35613.3,0,0
2022-05-30T00:00:00+0530,35958.8,36083.7,35748.45,35826.95,0,0
2022-05-31T00:00:00+0530,35615.3,35881.95,35288.95,35487.4,0,0
2022-06-01T00:00:00+0530,35358.95,35768.7,35285.45,35620.8,0,0
2022-06-02T00:00:00+0530,35470.95,35676.2,35385,35613.65,0,0
2022-06-03T00:00:00+0530,35929.55,35958.45,35175.1,35275.05,0,0
2022-06-06T00:00:00+0530,35159.15,35424.5,35072.3,35310.2,0,0
2022-06-07T00:00:00+0530,35080.8,35154.3,34834.4,34996,0,0
2022-06-08T00:00:00+0530,35165.65,35449.9,34831.75,34946.15,0,0
2022-06-09T00:00:00+0530,34802.25,35149.1,34659.1,35085.45,0,0
2022-06-10T00:00:00+0530,34686.95,34752.45,34346.65,34483.8,0,0
2022-06-13T00:00:00+0530,33728.65,33774.05,33210.35,33405.85,0,0
2022-06-14T00:00:00+0530,33180.6,33618.15,33123.9,33311.35,0,0
2022-06-15T00:00:00+0530,33317.8,33554.55,33249.55,33339,0,0
2022-06-16T00:00:00+0530,33648.8,33756.5,32537.95,32617.1,0,0
2022-06-17T00:00:00+0530,32393.45,32889.8,32290.55,32743.05,0,0
2022-06-20T00:00:00+0530,32873.4,32926.1,32426.4,32684.8,0,0
2022-06-21T00:00:00+0530,32978.05,33593.8,32797.55,33191.75,0,0
2022-06-22T00:00:00+0530,33051.65,33106.95,32758.15,32845.3,0,0
2022-06-23T00:00:00+0530,32927.4,33431.75,32652.15,33135,0,0
2022-06-24T00:00:00+0530,33434.8,33721.9,33390.85,33627.45,0,0
2022-06-27T00:00:00+0530,34126.2,34147.5,33735.5,33811.25,0,0
2022-06-28T00:00:00+0530,33578.2,33745.3,33503.3,33642.45,0,0
2022-06-29T00:00:00+0530,33273.55,33422.8,33185.25,33269.9,0,0
2022-06-30T00:00:00+0530,33180.7,33659.3,33179.6,33425.1,0,0
2022-07-01T00:00:00+0530,33264.75,33666.5,33080.45,33539.45,0,0
2022-07-04T00:00:00+0530,33558.85,33978.5,33515.6,33940.9,0,0
2022-07-05T00:00:00+0530,34084.7,34361.05,33757,33815.9,0,0
2022-07-06T00:00:00+0530,33929.4,34388.5,33876.15,34324.25,0,0
2022-07-07T00:00:00+0530,34627.4,34965.75,34553.1,34920.3,0,0
2022-07-08T00:00:00+0530,35258.9,35262.1,34977.75,35124.05,0,0
2022-07-11T00:00:00+0530,35017.6,35543.1,35006.55,35469.65,0,0
2022-07-12T00:00:00+0530,35298.7,35419.65,35047.5,35132.25,0,0
2022-07-13T00:00:00+0530,35259.8,35308.15,34757.6,34827.8,0,0
2022-07-14T00:00:00+0530,34817.95,35027.6,34558.45,34651.2,0,0
2022-07-15T00:00:00+0530,34734.45,34899.95,34463.9,34682.65,0,0
2022-07-18T00:00:00+0530,34841.85,35382.5,34804.4,35358.7,0,0
2022-07-19T00:00:00+0530,35113.25,35761.65,35110.5,35720.35,0,0
2022-07-20T00:00:00+0530,36061.3,36182.7,35876.55,35972.1,0,0
2022-07-21T00:00:00+0530,36026.55,36331.7,35887.35,36201,0,0
2022-07-22T00:00:00+0530,36322.9,36823.45,36286.35,36738.95,0,0
2022-07-25T00:00:00+0530,36766.7,37011.2,36464.65,36726.4,0,0
2022-07-26T00:00:00+0530,36688.55,36695.75,36334.1,36408.5,0,0
2022-07-27T00:00:00+0530,36370.55,36808.3,36248.6,36783.75,0,0
2022-07-28T00:00:00+0530,37102.45,37414.4,37028.5,37378.15,0,0
2022-07-29T00:00:00+0530,37717.3,37754.65,37221.15,37491.4,0,0
2022-08-01T00:00:00+0530,37594.15,37939.6,37407.2,37903.2,0,0
2022-08-02T00:00:00+0530,37767.7,38179.85,37632.3,38024,0,0
2022-08-03T00:00:00+0530,37954.55,38068.6,37692.95,37989.25,0,0
2022-08-04T00:00:00+0530,38111.05,38231.85,37249.5,37755.55,0,0
2022-08-05T00:00:00+0530,37868.25,38150.45,37779.9,37920.6,0,0
2022-08-08T00:00:00+0530,37847.35,38302.35,37681.45,38237.4,0,0
2022-08-10T00:00:00+0530,38298.85,38402.95,38155.3,38287.85,0,0
2022-08-11T00:00:00+0530,38712.95,38932.1,38648.9,38879.85,0,0
2022-08-12T00:00:00+0530,38942.45,39088.9,38739.95,39042.3,0,0
2022-08-16T00:00:00+0530,39284.1,39444.6,39119.9,39239.65,0,0
2022-08-17T00:00:00+0530,39351.3,39504.5,39202.8,39461.7,0,0
2022-08-18T00:00:00+0530,39324.4,39703.7,39291.15,39656.15,0,0
2022-08-19T00:00:00+0530,39732.65,39759.15,38848.4,38985.95,0,0
2022-08-22T00:00:00+0530,38693.65,38732.85,38247.25,38297.75,0,0
2022-08-23T00:00:00+0530,37955.45,38869.9,37950.85,38697.65,0,0
2022-08-24T00:00:00+0530,38552.7,39120.8,38552.2,39038.5,0,0
2022-08-25T00:00:00+0530,39190.05,39471.75,38803.7,38950.75,0,0
2022-08-26T00:00:00+0530,39129.65,39337.1,38846.8,38987.15,0,0
2022-08-29T00:00:00+0530,38111.6,38397.1,37943.85,38276.7,0,0
2022-08-30T00:00:00+0530,38516.95,39606.55,38472.7,39536.75,0,0
2022-09-01T00:00:00+0530,38806.7,39667.65,38803.3,39301.25,0,0
2022-09-02T00:00:00+0530,39422.3,39595.85,39200.45,39421,0,0
2022-09-05T00:00:00+0530,39412.05,39865.2,39407.4,39805.75,0,0
2022-09-06T00:00:00+0530,39892.95,40073.75,39564.3,39666.5,0,0
2022-09-07T00:00:00+0530,39337.75,39572.05,39258.25,39455.9,0,0
2022-09-08T00:00:00+0530,39763.9,40265.75,39706.4,40208.95,0,0
2022-09-09T00:00:00+0530,40520.75,40685.95,40280.3,40415.7,0,0
2022-09-12T00:00:00+0530,40540.45,40684.9,40377.9,40574,0,0
2022-09-13T00:00:00+0530,40802.1,40904.3,40693.95,40873.1,0,0
2022-09-14T00:00:00+0530,40308.8,41626.9,40288.9,41405.4,0,0
2022-09-15T00:00:00+0530,41533.7,41840.15,41153.5,41209.2,0,0
2022-09-16T00:00:00+0530,40977.2,41162.5,40502.05,40776.8,0,0
2022-09-19T00:00:00+0530,40685.6,41184.25,40509.9,40904.4,0,0
2022-09-20T00:00:00+0530,41304.15,41677.65,41207.3,41468.3,0,0
2022-09-21T00:00:00+0530,41282.6,41501.7,40889.15,41203.45,0,0
2022-09-22T00:00:00+0530,40889.05,41159.2,40360.2,40630.6,0,0
2022-09-23T00:00:00+0530,40429.35,40528.4,39412.7,39546.25,0,0
2022-09-26T00:00:00+0530,39027.85,39229.4,38492.2,38616.25,0,0
2022-09-27T00:00:00+0530,38811.7,39050.5,38184.9,38359.15,0,0
2022-09-28T00:00:00+0530,38081.25,38368.8,37626.2,37759.85,0,0
2022-09-29T00:00:00+0530,38092.85,38283.4,37536.65,37647.75,0,0
2022-09-30T00:00:00+0530,37660,38811,37386.35,38631.95,0,0
2022-10-03T00:00:00+0530,38444.9,38641.6,37963.25,38029.65,0,0
2022-10-04T00:00:00+0530,38700.4,39177.5,38596.9,39110.05,0,0
2022-10-06T00:00:00+0530,39343.7,39608.35,39232.9,39282.85,0,0
2022-10-07T00:00:00+0530,39093.5,39235.05,38807.5,39178.05,0,0
2022-10-10T00:00:00+0530,38641.55,39315.7,38518.3,39093.1,0,0
2022-10-11T00:00:00+0530,39058.85,39174.95,38622.75,38712.45,0,0
2022-10-12T00:00:00+0530,38784.2,39164.1,38606.4,39118.55,0,0
2022-10-13T00:00:00+0530,38957.65,39061.3,38437.95,38624,0,0
2022-10-14T00:00:00+0530,39446.05,39570.85,39196.3,39305.6,0,0
2022-10-17T00:00:00+0530,39295.6,39974.7,39146.7,39920.45,0,0
2022-10-18T00:00:00+0530,40252.05,40435.35,40139.85,40318.75,0,0
2022-10-19T00:00:00+0530,40556.65,40643.6,40195.2,40373.2,0,0
2022-10-20T00:00:00+0530,40149.5,40208.35,39848.85,40099.55,0,0
2022-10-21T00:00:00+0530,40370.75,41032.25,40355.45,40784.05,0,0
2022-10-24T00:00:00+0530,41348.35,41427.25,41201.15,41304.9,0,0
2022-10-25T00:00:00+0530,41513.65,41530.65,41021.45,41122.75,0,0
2022-10-27T00:00:00+0530,41440.7,41511.8,41178.65,41299.3,0,0
2022-10-28T00:00:00+0530,41236.8,41482.4,40839.3,40990.85,0,0
2022-10-31T00:00:00+0530,41265.7,41353.7,41106.1,41307.9,0,0
2022-11-01T00:00:00+0530,41552.4,41677.25,41188.55,41289.55,0,0
2022-11-02T00:00:00+0530,41472.6,41474.3,41060.45,41146.65,0,0
2022-11-03T00:00:00+0530,40873.7,41478,40819.15,41298.35,0,0
2022-11-04T00:00:00+0530,41314.85,41516.2,41051.15,41258.45,0,0
2022-11-07T00:00:00+0530,41740.65,41779.4,41337.05,41686.7,0,0
2022-11-09T00:00:00+0530,41914.85,41948.9,41667.9,41783.2,0,0
2022-11-10T00:00:00+0530,41462.85,41643.9,41318.6,41603.75,0,0
2022-11-11T00:00:00+0530,42163.4,42345.5,41918.1,42137.05,0,0
2022-11-14T00:00:00+0530,42177.55,42231.45,41965.45,42076.75,0,0
2022-11-15T00:00:00+0530,42234.85,42450.05,42079.55,42372.7,0,0
2022-11-16T00:00:00+0530,42371.8,42611.75,42296.3,42535.3,0,0
2022-11-17T00:00:00+0530,42399.65,42622.75,42366.55,42458.05,0,0
2022-11-18T00:00:00+0530,42545.75,42590.75,42223.7,42437.45,0,0
2022-11-21T00:00:00+0530,42286.95,42386.8,42202.55,42346.55,0,0
2022-11-22T00:00:00+0530,42467.4,42508.75,42347.15,42457.05,0,0
2022-11-23T00:00:00+0530,42668.55,42860.55,42556.4,42729.1,0,0
2022-11-24T00:00:00+0530,42838.35,43163.4,42769.65,43075.4,0,0
2022-11-25T00:00:00+0530,43192.45,43339.15,42864.95,42983.95,0,0
2022-11-28T00:00:00+0530,42757.2,43159.8,42740,43020.45,0,0
2022-11-29T00:00:00+0530,42959.4,43279.6,42959.4,43053.45,0,0
2022-11-30T00:00:00+0530,43122.75,43332.3,42880.05,43231,0,0
2022-12-01T00:00:00+0530,43512.1,43515.05,43101.85,43260.65,0,0
2022-12-02T00:00:00+0530,42976.7,43131.9,42937.8,43103.75,0,0
2022-12-05T00:00:00+0530,43269.35,43372.15,42985,43332.95,0,0
2022-12-06T00:00:00+0530,43093.9,43306.85,43076.4,43138.55,0,0
2022-12-07T00:00:00+0530,43157.35,43327.35,42948.45,43098.7,0,0
2022-12-08T00:00:00+0530,43142.25,43640.9,43095.3,43596.85,0,0
2022-12-09T00:00:00+0530,43765.3,43853.4,43361.7,43633.45,0,0
2022-12-12T00:00:00+0530,43455.85,43767.05,43378.8,43708.75,0,0
2022-12-13T00:00:00+0530,43793.7,43983.8,43767.75,43946.55,0,0
2022-12-14T00:00:00+0530,44078.6,44151.8,43987.95,44049.1,0,0
2022-12-15T00:00:00+0530,43940.1,44120.6,43379.1,43498.2,0,0
2022-12-16T00:00:00+0530,43261.75,43598.2,43080.55,43219.5,0,0
2022-12-19T00:00:00+0530,43346.35,43451.45,43110.3,43413.75,0,0
2022-12-20T00:00:00+0530,43152.65,43426.2,42955.4,43359.5,0,0
2022-12-21T00:00:00+0530,43525.75,43614.65,42363.8,42617.95,0,0
2022-12-22T00:00:00+0530,42864,42933.5,42231.35,42408.8,0,0
2022-12-23T00:00:00+0530,41951.35,42226.65,41597.65,41668.05,0,0
2022-12-26T00:00:00+0530,41716.35,42846.15,41569.45,42630.15,0,0
2022-12-27T00:00:00+0530,42827.75,42927.2,42394.15,42859.5,0,0
2022-12-28T00:00:00+0530,42733.6,43034.95,42694.85,42827.7,0,0
2022-12-29T00:00:00+0530,42684.9,43498.05,42489.8,43252.35,0,0
2022-12-30T00:00:00+0530,43401.7,43422.95,42833.1,42986.45,0,0
2023-01-02T00:00:00+0530,43038.25,43382.75,42961.75,43203.1,0,0
2023-01-03T00:00:00+0530,43151.45,43482.8,43148.45,43425.25,0,0
2023-01-04T00:00:00+0530,43417.5,43578.4,42858.65,42958.8,0,0
2023-01-05T00:00:00+0530,43073.05,43137.55,42298.6,42608.7,0,0
2023-01-06T00:00:00+0530,42649.7,42685.9,41877,42188.8,0,0
2023-01-09T00:00:00+0530,42404.85,42716.8,42186.55,42582.75,0,0
2023-01-10T00:00:00+0530,42642,42674.25,41835.75,42014.75,0,0
2023-01-11T00:00:00+0530,42071.85,42318,41729,42232.7,0,0
2023-01-12T00:00:00+0530,42238.5,42343.5,41742.95,42082.25,0,0
2023-01-13T00:00:00+0530,42171.25,42453.95,41885.6,42371.25,0,0
2023-01-16T00:00:00+0530,42622.5,42715.65,42066.55,42167.55,0,0
2023-01-17T00:00:00+0530,42241.2,42383.8,41861.1,42235.05,0,0
2023-01-18T00:00:00+0530,42271.8,42555.9,42119.65,42458,0,0
2023-01-19T00:00:00+0530,42416.3,42506.25,42234.9,42328.85,0,0
2023-01-20T00:00:00+0530,42516.05,42709.2,42366.15,42506.8,0,0
2023-01-23T00:00:00+0530,42891.45,43005.85,42727.7,42821.25,0,0
2023-01-24T00:00:00+0530,42994.45,43078.9,42615.65,42733.45,0,0
2023-01-25T00:00:00+0530,42703.6,42733.05,41540.3,41647.65,0,0
2023-01-27T00:00:00+0530,41382.35,41417.9,40148.8,40345.3,0,0
2023-01-30T00:00:00+0530,39856.15,40789.55,39419.8,40387.45,0,0
2023-01-31T00:00:00+0530,40563.85,40811.65,40167.7,40655.05,0,0
2023-02-01T00:00:00+0530,41115,42015.65,39490.5,40513,0,0
2023-02-02T00:00:00+0530,39943.35,40757.6,39761.45,40669.3,0,0
2023-02-03T00:00:00+0530,41019.35,41539.95,40609.75,41499.7,0,0
2023-02-06T00:00:00+0530,41530.15,41724.5,41261.2,41374.65,0,0
2023-02-07T00:00:00+0530,41513.1,41630.75,41095.1,41490.95,0,0
2023-02-08T00:00:00+0530,41542.05,41791.95,41403.05,41537.65,0,0
2023-02-09T00:00:00+0530,41634,41634,41252.95,41554.3,0,0
2023-02-10T00:00:00+0530,41452.4,41678.9,41424.9,41559.4,0,0
2023-02-13T00:00:00+0530,41563.5,41662.55,41157.9,41282.2,0,0
2023-02-14T00:00:00+0530,41410.45,41718,41195.75,41648.35,0,0
2023-02-15T00:00:00+0530,41674.6,41795.45,41455.6,41731.05,0,0
2023-02-16T00:00:00+0530,41925.7,41979.1,41521.95,41631.35,0,0
2023-02-17T00:00:00+0530,41514,41516.3,40882.7,41131.75,0,0
2023-02-20T00:00:00+0530,41221.55,41292.6,40580.1,40701.7,0,0
2023-02-21T00:00:00+0530,40784.9,40946.2,40508.25,40673.6,0,0
2023-02-22T00:00:00+0530,40494.15,40529.25,39899,39995.9,0,0
2023-02-23T00:00:00+0530,39983.7,40147.8,39600.25,40001.55,0,0
2023-02-24T00:00:00+0530,40259.1,40348.1,39818.9,39909.4,0,0
2023-02-27T00:00:00+0530,39820.4,40371.45,39745.4,40307.1,0,0
2023-02-28T00:00:00+0530,40302.7,40391.45,40073,40269.05,0,0
2023-03-01T00:00:00+0530,40473.85,40725.35,40341.95,40698.15,0,0
2023-03-02T00:00:00+0530,40604.55,40773.25,40312.9,40389.8,0,0
2023-03-03T00:00:00+0530,40671.4,41390.15,40605.35,41251.35,0,0
2023-03-06T00:00:00+0530,41418.4,41671.2,41259.15,41350.4,0,0
2023-03-08T00:00:00+0530,41178.35,41625.35,41100.35,41577.1,0,0
2023-03-09T00:00:00+0530,41532.65,41659,41208.1,41256.75,0,0
2023-03-10T00:00:00+0530,40805.25,40839,40341.7,40485.45,0,0
2023-03-13T00:00:00+0530,40356.1,40690.05,39454.6,39564.7,0,0
2023-03-14T00:00:00+0530,39522.4,39768.5,39132.6,39411.4,0,0
2023-03-15T00:00:00+0530,39777.9,39914.1,38934.65,39051.5,0,0
2023-03-16T00:00:00+0530,39061.7,39381.4,38613.15,39132.6,0,0
2023-03-17T00:00:00+0530,39442.4,39705.15,38926.8,39598.1,0,0
2023-03-20T00:00:00+0530,39512.1,39512.1,38941.9,39361.95,0,0
2023-03-21T00:00:00+0530,39599.65,39970.9,39366.3,39894.7,0,0
2023-03-22T00:00:00+0530,40036,40085.6,39837.8,39999.05,0,0
2023-03-23T00:00:00+0530,39836.15,40201.6,39552.5,39616.9,0,0
2023-03-24T00:00:00+0530,39555.25,39767.9,39294.9,39395.35,0,0
2023-03-27T00:00:00+0530,39484.7,39695.2,39273.75,39431.3,0,0
2023-03-28T00:00:00+0530,39545.05,39645.2,39326.1,39567.9,0,0
2023-03-29T00:00:00+0530,39611.55,40055,39609.55,39910.15,0,0
2023-03-31T00:00:00+0530,40231.25,40690.4,40180.2,40608.65,0,0
2023-04-03T00:00:00+0530,40695.8,40857.6,40535.9,40813.05,0,0
2023-04-05T00:00:00+0530,40972.3,41071.15,40802.65,40999.15,0,0
2023-04-06T00:00:00+0530,40940.7,41274.7,40820.55,41041,0,0
2023-04-10T00:00:00+0530,41116.15,41139.85,40727.25,40834.65,0,0
2023-04-11T00:00:00+0530,41232,41403.25,40990.2,41366.5,0,0
2023-04-12T00:00:00+0530,41426,41610.15,41332,41557.95,0,0
2023-04-13T00:00:00+0530,41680.1,42196.2,41502.65,42132.55,0,0
2023-04-17T00:00:00+0530,42603.55,42603.55,41799,42262.55,0,0
2023-04-18T00:00:00+0530,42406.95,42500.7,42114.35,42265.2,0,0
2023-04-19T00:00:00+0530,42280.1,42339.9,42022.15,42154,0,0
2023-04-20T00:00:00+0530,42218.5,42378.15,42108.85,42269.5,0,0
2023-04-21T00:00:00+0530,42252.55,42382.15,41962.35,42118,0,0
2023-04-24T00:00:00+0530,42469.95,42714.15,42269.1,42635.75,0,0
2023-04-25T00:00:00+0530,42731.6,42865.55,42601.5,42678.5,0,0
2023-04-26T00:00:00+0530,42559.05,42875.6,42432.25,42829.9,0,0
2023-04-27T00:00:00+0530,42753.9,43043.4,42736.6,43000.85,0,0
2023-04-28T00:00:00+0530,43045.5,43302.05,42810.35,43233.9,0,0
2023-05-02T00:00:00+0530,43395.05,43483.85,43269.4,43352.1,0,0
2023-05-03T00:00:00+0530,43154.85,43354.95,43078.15,43312.7,0,0
2023-05-04T00:00:00+0530,43236.1,43739.8,43213.95,43685.45,0,0
2023-05-05T00:00:00+0530,43110.65,43588,42582.2,42661.2,0,0
2023-05-08T00:00:00+0530,42796.85,43418.55,42780.3,43284,0,0
2023-05-09T00:00:00+0530,43438.55,43533.25,43125.85,43198.15,0,0
2023-05-10T00:00:00+0530,43275.25,43383.65,42822.15,43331.05,0,0
2023-05-11T00:00:00+0530,43535.1,43774.25,43367.25,43475.3,0,0
2023-05-12T00:00:00+0530,43447.15,43905.95,43347.75,43793.55,0,0
2023-05-15T00:00:00+0530,43821.05,44151.7,43666.6,44072.1,0,0
2023-05-16T00:00:00+0530,44144.15,44144.15,43815.7,43903.7,0,0
2023-05-17T00:00:00+0530,43948.5,43992.75,43446.4,43698.7,0,0
2023-05-18T00:00:00+0530,44006.9,44079.2,43673.7,43752.3,0,0
2023-05-19T00:00:00+0530,43930,44020.9,43531.9,43969.4,0,0
2023-05-22T00:00:00+0530,43935.3,44026.75,43684.9,43885.1,0,0
2023-05-23T00:00:00+0530,43978.9,44095.25,43852.2,43954.45,0,0
2023-05-24T00:00:00+0530,43751.95,44010.45,43639.8,43677.85,0,0
2023-05-25T00:00:00+0530,43630.25,43719.85,43390.3,43681.4,0,0
2023-05-26T00:00:00+0530,43765.35,44067.6,43588.8,44018,0,0